INTERVALENDTIME_GMT,OPR_DT,OPR_HR,NODE_ID_XML,NODE_ID,NODE,MARKET_RUN_ID,LMP_TYPE,XML_DATA_ITEM,PNODE_RESMRID,GRP_TYPE,POS,MW,OPR_INTERVAL,GROUP
2017-11-01T07:05:00-00:00,2017-11-01,1,BALCH1_7_B2,BALCH1_7_B2,BALCH1_7_B2,RTM,LMP,LMP_PRC,BALCH1_7_B2,ALL,1,28.44728,1,4
2017-11-01T07:10:00-00:00,2017-11-01,1,BALCH1_7_B2,BALCH1_7_B2,BALCH1_7_B2,RTM,LMP,LMP_PRC,BALCH1_7_B2,ALL,1,31.964709999999997,2,4
2017-11-01T07:15:00-00:00,2017-11-01,1,BALCH1_7_B2,BALCH1_7_B2,BALCH1_7_B2,RTM,LMP,LMP_PRC,BALCH1_7_B2,ALL,1,27.482709999999997,3,4
2017-11-01T07:20:00-00:00,2017-11-01,1,BALCH1_7_B2,BALCH1_7_B2,BALCH1_7_B2,RTM,LMP,LMP_PRC,BALCH1_7_B2,ALL,1,25.98688,4,4
2017-11-01T07:25:00-00:00,2017-11-01,1,BALCH1_7_B2,BALCH1_7_B2,BALCH1_7_B2,RTM,LMP,LMP_PRC,BALCH1_7_B2,ALL,1,28.021409999999996,5,4
2017-11-01T07:30:00-00:00,2017-11-01,1,BALCH1_7_B2,BALCH1_7_B2,BALCH1_7_B2,RTM,LMP,LMP_PRC,BALCH1_7_B2,ALL,1,29.996740000000003,6,4
2017-11-01T07:35:00-00:00,2017-11-01,1,BALCH1_7_B2,BALCH1_7_B2,BALCH1_7_B2,RTM,LMP,LMP_PRC,BALCH1_7_B2,ALL,1,29.918459999999996,7,4
2017-11-01T07:40:00-00:00,2017-11-01,1,BALCH1_7_B2,BALCH1_7_B2,BALCH1_7_B2,RTM,LMP,LMP_PRC,BALCH1_7_B2,ALL,1,31.858959999999996,8,4
2017-11-01T07:45:00-00:00,2017-11-01,1,BALCH1_7_B2,BALCH1_7_B2,BALCH1_7_B2,RTM,LMP,LMP_PRC,BALCH1_7_B2,ALL,1,31.858959999999996,9,4
2017-11-01T07:50:00-00:00,2017-11-01,1,BALCH1_7_B2,BALCH1_7_B2,BALCH1_7_B2,RTM,LMP,LMP_PRC,BALCH1_7_B2,ALL,1,30.208740000000002,10,4
2017-11-01T07:55:00-00:00,2017-11-01,1,BALCH1_7_B2,BALCH1_7_B2,BALCH1_7_B2,RTM,LMP,LMP_PRC,BALCH1_7_B2,ALL,1,27.186040000000002,11,4
2017-11-01T08:00:00-00:00,2017-11-01,1,BALCH1_7_B2,BALCH1_7_B2,BALCH1_7_B2,RTM,LMP,LMP_PRC,BALCH1_7_B2,ALL,1,26.511459999999996,12,4
2017-11-01T08:05:00-00:00,2017-11-01,2,BALCH1_7_B2,BALCH1_7_B2,BALCH1_7_B2,RTM,LMP,LMP_PRC,BALCH1_7_B2,ALL,1,31.846729999999997,1,4
2017-11-01T08:10:00-00:00,2017-11-01,2,BALCH1_7_B2,BALCH1_7_B2,BALCH1_7_B2,RTM,LMP,LMP_PRC,BALCH1_7_B2,ALL,1,27.42063,2,4
2017-11-01T08:15:00-00:00,2017-11-01,2,BALCH1_7_B2,BALCH1_7_B2,BALCH1_7_B2,RTM,LMP,LMP_PRC,BALCH1_7_B2,ALL,1,27.732840000000003,3,4
2017-11-01T08:20:00-00:00,2017-11-01,2,BALCH1_7_B2,BALCH1_7_B2,BALCH1_7_B2,RTM,LMP,LMP_PRC,BALCH1_7_B2,ALL,1,27.501829999999998,4,4
2017-11-01T08:25:00-00:00,2017-11-01,2,BALCH1_7_B2,BALCH1_7_B2,BALCH1_7_B2,RTM,LMP,LMP_PRC,BALCH1_7_B2,ALL,1,26.50328,5,4
2017-11-01T08:30:00-00:00,2017-11-01,2,BALCH1_7_B2,BALCH1_7_B2,BALCH1_7_B2,RTM,LMP,LMP_PRC,BALCH1_7_B2,ALL,1,26.59533,6,4
2017-11-01T08:35:00-00:00,2017-11-01,2,BALCH1_7_B2,BALCH1_7_B2,BALCH1_7_B2,RTM,LMP,LMP_PRC,BALCH1_7_B2,ALL,1,26.42267,7,4
2017-11-01T08:40:00-00:00,2017-11-01,2,BALCH1_7_B2,BALCH1_7_B2,BALCH1_7_B2,RTM,LMP,LMP_PRC,BALCH1_7_B2,ALL,1,25.3783,8,4
2017-11-01T08:45:00-00:00,2017-11-01,2,BALCH1_7_B2,BALCH1_7_B2,BALCH1_7_B2,RTM,LMP,LMP_PRC,BALCH1_7_B2,ALL,1,25.036170000000002,9,4
2017-11-01T08:50:00-00:00,2017-11-01,2,BALCH1_7_B2,BALCH1_7_B2,BALCH1_7_B2,RTM,LMP,LMP_PRC,BALCH1_7_B2,ALL,1,24.93948,10,4
2017-11-01T08:55:00-00:00,2017-11-01,2,BALCH1_7_B2,BALCH1_7_B2,BALCH1_7_B2,RTM,LMP,LMP_PRC,BALCH1_7_B2,ALL,1,24.55284,11,4
2017-11-01T09:00:00-00:00,2017-11-01,2,BALCH1_7_B2,BALCH1_7_B2,BALCH1_7_B2,RTM,LMP,LMP_PRC,BALCH1_7_B2,ALL,1,24.223470000000002,12,4
2017-11-01T09:05:00-00:00,2017-11-01,3,BALCH1_7_B2,BALCH1_7_B2,BALCH1_7_B2,RTM,LMP,LMP_PRC,BALCH1_7_B2,ALL,1,25.05612,1,4
2017-11-01T09:10:00-00:00,2017-11-01,3,BALCH1_7_B2,BALCH1_7_B2,BALCH1_7_B2,RTM,LMP,LMP_PRC,BALCH1_7_B2,ALL,1,26.47475,2,4
2017-11-01T09:15:00-00:00,2017-11-01,3,BALCH1_7_B2,BALCH1_7_B2,BALCH1_7_B2,RTM,LMP,LMP_PRC,BALCH1_7_B2,ALL,1,26.47475,3,4
2017-11-01T09:20:00-00:00,2017-11-01,3,BALCH1_7_B2,BALCH1_7_B2,BALCH1_7_B2,RTM,LMP,LMP_PRC,BALCH1_7_B2,ALL,1,27.7597,4,4
2017-11-01T09:25:00-00:00,2017-11-01,3,BALCH1_7_B2,BALCH1_7_B2,BALCH1_7_B2,RTM,LMP,LMP_PRC,BALCH1_7_B2,ALL,1,26.430670000000003,5,4
2017-11-01T09:30:00-00:00,2017-11-01,3,BALCH1_7_B2,BALCH1_7_B2,BALCH1_7_B2,RTM,LMP,LMP_PRC,BALCH1_7_B2,ALL,1,25.04665,6,4
2017-11-01T09:35:00-00:00,2017-11-01,3,BALCH1_7_B2,BALCH1_7_B2,BALCH1_7_B2,RTM,LMP,LMP_PRC,BALCH1_7_B2,ALL,1,25.04167,7,4
2017-11-01T09:40:00-00:00,2017-11-01,3,BALCH1_7_B2,BALCH1_7_B2,BALCH1_7_B2,RTM,LMP,LMP_PRC,BALCH1_7_B2,ALL,1,25.1218,8,4
2017-11-01T09:45:00-00:00,2017-11-01,3,BALCH1_7_B2,BALCH1_7_B2,BALCH1_7_B2,RTM,LMP,LMP_PRC,BALCH1_7_B2,ALL,1,25.1218,9,4
2017-11-01T09:50:00-00:00,2017-11-01,3,BALCH1_7_B2,BALCH1_7_B2,BALCH1_7_B2,RTM,LMP,LMP_PRC,BALCH1_7_B2,ALL,1,25.09838,10,4
2017-11-01T09:55:00-00:00,2017-11-01,3,BALCH1_7_B2,BALCH1_7_B2,BALCH1_7_B2,RTM,LMP,LMP_PRC,BALCH1_7_B2,ALL,1,25.09838,11,4
2017-11-01T10:00:00-00:00,2017-11-01,3,BALCH1_7_B2,BALCH1_7_B2,BALCH1_7_B2,RTM,LMP,LMP_PRC,BALCH1_7_B2,ALL,1,25.03564,12,4
2017-11-01T10:05:00-00:00,2017-11-01,4,BALCH1_7_B2,BALCH1_7_B2,BALCH1_7_B2,RTM,LMP,LMP_PRC,BALCH1_7_B2,ALL,1,25.10535,1,4
2017-11-01T10:10:00-00:00,2017-11-01,4,BALCH1_7_B2,BALCH1_7_B2,BALCH1_7_B2,RTM,LMP,LMP_PRC,BALCH1_7_B2,ALL,1,24.8634,2,4
2017-11-01T10:15:00-00:00,2017-11-01,4,BALCH1_7_B2,BALCH1_7_B2,BALCH1_7_B2,RTM,LMP,LMP_PRC,BALCH1_7_B2,ALL,1,24.890439999999998,3,4
2017-11-01T10:20:00-00:00,2017-11-01,4,BALCH1_7_B2,BALCH1_7_B2,BALCH1_7_B2,RTM,LMP,LMP_PRC,BALCH1_7_B2,ALL,1,25.108179999999997,4,4
2017-11-01T10:25:00-00:00,2017-11-01,4,BALCH1_7_B2,BALCH1_7_B2,BALCH1_7_B2,RTM,LMP,LMP_PRC,BALCH1_7_B2,ALL,1,25.108179999999997,5,4
2017-11-01T10:30:00-00:00,2017-11-01,4,BALCH1_7_B2,BALCH1_7_B2,BALCH1_7_B2,RTM,LMP,LMP_PRC,BALCH1_7_B2,ALL,1,25.108179999999997,6,4
2017-11-01T10:35:00-00:00,2017-11-01,4,BALCH1_7_B2,BALCH1_7_B2,BALCH1_7_B2,RTM,LMP,LMP_PRC,BALCH1_7_B2,ALL,1,25.05879,7,4
2017-11-01T10:40:00-00:00,2017-11-01,4,BALCH1_7_B2,BALCH1_7_B2,BALCH1_7_B2,RTM,LMP,LMP_PRC,BALCH1_7_B2,ALL,1,25.05879,8,4
2017-11-01T10:45:00-00:00,2017-11-01,4,BALCH1_7_B2,BALCH1_7_B2,BALCH1_7_B2,RTM,LMP,LMP_PRC,BALCH1_7_B2,ALL,1,25.05879,9,4
2017-11-01T10:50:00-00:00,2017-11-01,4,BALCH1_7_B2,BALCH1_7_B2,BALCH1_7_B2,RTM,LMP,LMP_PRC,BALCH1_7_B2,ALL,1,25.092879999999997,10,4
2017-11-01T10:55:00-00:00,2017-11-01,4,BALCH1_7_B2,BALCH1_7_B2,BALCH1_7_B2,RTM,LMP,LMP_PRC,BALCH1_7_B2,ALL,1,25.32337,11,4
2017-11-01T11:00:00-00:00,2017-11-01,4,BALCH1_7_B2,BALCH1_7_B2,BALCH1_7_B2,RTM,LMP,LMP_PRC,BALCH1_7_B2,ALL,1,25.302229999999998,12,4
2017-11-01T11:05:00-00:00,2017-11-01,5,BALCH1_7_B2,BALCH1_7_B2,BALCH1_7_B2,RTM,LMP,LMP_PRC,BALCH1_7_B2,ALL,1,24.58987,1,4
2017-11-01T11:10:00-00:00,2017-11-01,5,BALCH1_7_B2,BALCH1_7_B2,BALCH1_7_B2,RTM,LMP,LMP_PRC,BALCH1_7_B2,ALL,1,24.91675,2,4
2017-11-01T11:15:00-00:00,2017-11-01,5,BALCH1_7_B2,BALCH1_7_B2,BALCH1_7_B2,RTM,LMP,LMP_PRC,BALCH1_7_B2,ALL,1,25.00752,3,4
2017-11-01T11:20:00-00:00,2017-11-01,5,BALCH1_7_B2,BALCH1_7_B2,BALCH1_7_B2,RTM,LMP,LMP_PRC,BALCH1_7_B2,ALL,1,25.00544,4,4
2017-11-01T11:25:00-00:00,2017-11-01,5,BALCH1_7_B2,BALCH1_7_B2,BALCH1_7_B2,RTM,LMP,LMP_PRC,BALCH1_7_B2,ALL,1,26.516029999999997,5,4
2017-11-01T11:30:00-00:00,2017-11-01,5,BALCH1_7_B2,BALCH1_7_B2,BALCH1_7_B2,RTM,LMP,LMP_PRC,BALCH1_7_B2,ALL,1,27.335620000000002,6,4
2017-11-01T11:35:00-00:00,2017-11-01,5,BALCH1_7_B2,BALCH1_7_B2,BALCH1_7_B2,RTM,LMP,LMP_PRC,BALCH1_7_B2,ALL,1,28.12326,7,4
2017-11-01T11:40:00-00:00,2017-11-01,5,BALCH1_7_B2,BALCH1_7_B2,BALCH1_7_B2,RTM,LMP,LMP_PRC,BALCH1_7_B2,ALL,1,28.503759999999996,8,4
2017-11-01T11:45:00-00:00,2017-11-01,5,BALCH1_7_B2,BALCH1_7_B2,BALCH1_7_B2,RTM,LMP,LMP_PRC,BALCH1_7_B2,ALL,1,30.51881,9,4
2017-11-01T11:50:00-00:00,2017-11-01,5,BALCH1_7_B2,BALCH1_7_B2,BALCH1_7_B2,RTM,LMP,LMP_PRC,BALCH1_7_B2,ALL,1,31.364759999999997,10,4
2017-11-01T11:55:00-00:00,2017-11-01,5,BALCH1_7_B2,BALCH1_7_B2,BALCH1_7_B2,RTM,LMP,LMP_PRC,BALCH1_7_B2,ALL,1,32.10309,11,4
2017-11-01T12:00:00-00:00,2017-11-01,5,BALCH1_7_B2,BALCH1_7_B2,BALCH1_7_B2,RTM,LMP,LMP_PRC,BALCH1_7_B2,ALL,1,39.581509999999994,12,4
2017-11-01T12:05:00-00:00,2017-11-01,6,BALCH1_7_B2,BALCH1_7_B2,BALCH1_7_B2,RTM,LMP,LMP_PRC,BALCH1_7_B2,ALL,1,29.84515,1,4
2017-11-01T12:10:00-00:00,2017-11-01,6,BALCH1_7_B2,BALCH1_7_B2,BALCH1_7_B2,RTM,LMP,LMP_PRC,BALCH1_7_B2,ALL,1,27.80173,2,4
2017-11-01T12:15:00-00:00,2017-11-01,6,BALCH1_7_B2,BALCH1_7_B2,BALCH1_7_B2,RTM,LMP,LMP_PRC,BALCH1_7_B2,ALL,1,28.87358,3,4
2017-11-01T12:20:00-00:00,2017-11-01,6,BALCH1_7_B2,BALCH1_7_B2,BALCH1_7_B2,RTM,LMP,LMP_PRC,BALCH1_7_B2,ALL,1,28.49885,4,4
2017-11-01T12:25:00-00:00,2017-11-01,6,BALCH1_7_B2,BALCH1_7_B2,BALCH1_7_B2,RTM,LMP,LMP_PRC,BALCH1_7_B2,ALL,1,32.0026,5,4
2017-11-01T12:30:00-00:00,2017-11-01,6,BALCH1_7_B2,BALCH1_7_B2,BALCH1_7_B2,RTM,LMP,LMP_PRC,BALCH1_7_B2,ALL,1,32.0026,6,4
2017-11-01T12:35:00-00:00,2017-11-01,6,BALCH1_7_B2,BALCH1_7_B2,BALCH1_7_B2,RTM,LMP,LMP_PRC,BALCH1_7_B2,ALL,1,36.58804,7,4
2017-11-01T12:40:00-00:00,2017-11-01,6,BALCH1_7_B2,BALCH1_7_B2,BALCH1_7_B2,RTM,LMP,LMP_PRC,BALCH1_7_B2,ALL,1,30.103379999999998,8,4
2017-11-01T12:45:00-00:00,2017-11-01,6,BALCH1_7_B2,BALCH1_7_B2,BALCH1_7_B2,RTM,LMP,LMP_PRC,BALCH1_7_B2,ALL,1,32.31954,9,4
2017-11-01T12:50:00-00:00,2017-11-01,6,BALCH1_7_B2,BALCH1_7_B2,BALCH1_7_B2,RTM,LMP,LMP_PRC,BALCH1_7_B2,ALL,1,31.61423,10,4
2017-11-01T12:55:00-00:00,2017-11-01,6,BALCH1_7_B2,BALCH1_7_B2,BALCH1_7_B2,RTM,LMP,LMP_PRC,BALCH1_7_B2,ALL,1,31.80808,11,4
2017-11-01T13:00:00-00:00,2017-11-01,6,BALCH1_7_B2,BALCH1_7_B2,BALCH1_7_B2,RTM,LMP,LMP_PRC,BALCH1_7_B2,ALL,1,40.4914,12,4
2017-11-01T13:05:00-00:00,2017-11-01,7,BALCH1_7_B2,BALCH1_7_B2,BALCH1_7_B2,RTM,LMP,LMP_PRC,BALCH1_7_B2,ALL,1,32.22654,1,4
2017-11-01T13:10:00-00:00,2017-11-01,7,BALCH1_7_B2,BALCH1_7_B2,BALCH1_7_B2,RTM,LMP,LMP_PRC,BALCH1_7_B2,ALL,1,27.58653,2,4
2017-11-01T13:15:00-00:00,2017-11-01,7,BALCH1_7_B2,BALCH1_7_B2,BALCH1_7_B2,RTM,LMP,LMP_PRC,BALCH1_7_B2,ALL,1,27.090840000000004,3,4
2017-11-01T13:20:00-00:00,2017-11-01,7,BALCH1_7_B2,BALCH1_7_B2,BALCH1_7_B2,RTM,LMP,LMP_PRC,BALCH1_7_B2,ALL,1,27.693209999999997,4,4
2017-11-01T13:25:00-00:00,2017-11-01,7,BALCH1_7_B2,BALCH1_7_B2,BALCH1_7_B2,RTM,LMP,LMP_PRC,BALCH1_7_B2,ALL,1,28.49323,5,4
2017-11-01T13:30:00-00:00,2017-11-01,7,BALCH1_7_B2,BALCH1_7_B2,BALCH1_7_B2,RTM,LMP,LMP_PRC,BALCH1_7_B2,ALL,1,29.979740000000003,6,4
2017-11-01T13:35:00-00:00,2017-11-01,7,BALCH1_7_B2,BALCH1_7_B2,BALCH1_7_B2,RTM,LMP,LMP_PRC,BALCH1_7_B2,ALL,1,30.608390000000004,7,4
2017-11-01T13:40:00-00:00,2017-11-01,7,BALCH1_7_B2,BALCH1_7_B2,BALCH1_7_B2,RTM,LMP,LMP_PRC,BALCH1_7_B2,ALL,1,33.36828,8,4
2017-11-01T13:45:00-00:00,2017-11-01,7,BALCH1_7_B2,BALCH1_7_B2,BALCH1_7_B2,RTM,LMP,LMP_PRC,BALCH1_7_B2,ALL,1,40.78376,9,4
2017-11-01T13:50:00-00:00,2017-11-01,7,BALCH1_7_B2,BALCH1_7_B2,BALCH1_7_B2,RTM,LMP,LMP_PRC,BALCH1_7_B2,ALL,1,43.95412,10,4
2017-11-01T13:55:00-00:00,2017-11-01,7,BALCH1_7_B2,BALCH1_7_B2,BALCH1_7_B2,RTM,LMP,LMP_PRC,BALCH1_7_B2,ALL,1,44.12982,11,4
2017-11-01T14:00:00-00:00,2017-11-01,7,BALCH1_7_B2,BALCH1_7_B2,BALCH1_7_B2,RTM,LMP,LMP_PRC,BALCH1_7_B2,ALL,1,53.13768,12,4
2017-11-01T14:05:00-00:00,2017-11-01,8,BALCH1_7_B2,BALCH1_7_B2,BALCH1_7_B2,RTM,LMP,LMP_PRC,BALCH1_7_B2,ALL,1,987.9097300000001,1,4
2017-11-01T14:10:00-00:00,2017-11-01,8,BALCH1_7_B2,BALCH1_7_B2,BALCH1_7_B2,RTM,LMP,LMP_PRC,BALCH1_7_B2,ALL,1,74.56149,2,4
2017-11-01T14:15:00-00:00,2017-11-01,8,BALCH1_7_B2,BALCH1_7_B2,BALCH1_7_B2,RTM,LMP,LMP_PRC,BALCH1_7_B2,ALL,1,51.61235,3,4
2017-11-01T14:20:00-00:00,2017-11-01,8,BALCH1_7_B2,BALCH1_7_B2,BALCH1_7_B2,RTM,LMP,LMP_PRC,BALCH1_7_B2,ALL,1,48.050470000000004,4,4
2017-11-01T14:25:00-00:00,2017-11-01,8,BALCH1_7_B2,BALCH1_7_B2,BALCH1_7_B2,RTM,LMP,LMP_PRC,BALCH1_7_B2,ALL,1,50.73737,5,4
2017-11-01T14:30:00-00:00,2017-11-01,8,BALCH1_7_B2,BALCH1_7_B2,BALCH1_7_B2,RTM,LMP,LMP_PRC,BALCH1_7_B2,ALL,1,48.050470000000004,6,4
2017-11-01T14:35:00-00:00,2017-11-01,8,BALCH1_7_B2,BALCH1_7_B2,BALCH1_7_B2,RTM,LMP,LMP_PRC,BALCH1_7_B2,ALL,1,42.8,7,4
2017-11-01T14:40:00-00:00,2017-11-01,8,BALCH1_7_B2,BALCH1_7_B2,BALCH1_7_B2,RTM,LMP,LMP_PRC,BALCH1_7_B2,ALL,1,36.63,8,4
2017-11-01T14:45:00-00:00,2017-11-01,8,BALCH1_7_B2,BALCH1_7_B2,BALCH1_7_B2,RTM,LMP,LMP_PRC,BALCH1_7_B2,ALL,1,45.56042,9,4
2017-11-01T14:50:00-00:00,2017-11-01,8,BALCH1_7_B2,BALCH1_7_B2,BALCH1_7_B2,RTM,LMP,LMP_PRC,BALCH1_7_B2,ALL,1,54.77446,10,4
2017-11-01T14:55:00-00:00,2017-11-01,8,BALCH1_7_B2,BALCH1_7_B2,BALCH1_7_B2,RTM,LMP,LMP_PRC,BALCH1_7_B2,ALL,1,36.63,11,4
2017-11-01T15:00:00-00:00,2017-11-01,8,BALCH1_7_B2,BALCH1_7_B2,BALCH1_7_B2,RTM,LMP,LMP_PRC,BALCH1_7_B2,ALL,1,40.0,12,4
2017-11-01T15:05:00-00:00,2017-11-01,9,BALCH1_7_B2,BALCH1_7_B2,BALCH1_7_B2,RTM,LMP,LMP_PRC,BALCH1_7_B2,ALL,1,1033.92184,1,4
2017-11-01T15:10:00-00:00,2017-11-01,9,BALCH1_7_B2,BALCH1_7_B2,BALCH1_7_B2,RTM,LMP,LMP_PRC,BALCH1_7_B2,ALL,1,1033.92184,2,4
2017-11-01T15:15:00-00:00,2017-11-01,9,BALCH1_7_B2,BALCH1_7_B2,BALCH1_7_B2,RTM,LMP,LMP_PRC,BALCH1_7_B2,ALL,1,191.84346000000002,3,4
2017-11-01T15:20:00-00:00,2017-11-01,9,BALCH1_7_B2,BALCH1_7_B2,BALCH1_7_B2,RTM,LMP,LMP_PRC,BALCH1_7_B2,ALL,1,39.68084,4,4
2017-11-01T15:25:00-00:00,2017-11-01,9,BALCH1_7_B2,BALCH1_7_B2,BALCH1_7_B2,RTM,LMP,LMP_PRC,BALCH1_7_B2,ALL,1,23.18132,5,4
2017-11-01T15:30:00-00:00,2017-11-01,9,BALCH1_7_B2,BALCH1_7_B2,BALCH1_7_B2,RTM,LMP,LMP_PRC,BALCH1_7_B2,ALL,1,23.04239,6,4
2017-11-01T15:35:00-00:00,2017-11-01,9,BALCH1_7_B2,BALCH1_7_B2,BALCH1_7_B2,RTM,LMP,LMP_PRC,BALCH1_7_B2,ALL,1,22.97423,7,4
2017-11-01T15:40:00-00:00,2017-11-01,9,BALCH1_7_B2,BALCH1_7_B2,BALCH1_7_B2,RTM,LMP,LMP_PRC,BALCH1_7_B2,ALL,1,21.84105,8,4
2017-11-01T15:45:00-00:00,2017-11-01,9,BALCH1_7_B2,BALCH1_7_B2,BALCH1_7_B2,RTM,LMP,LMP_PRC,BALCH1_7_B2,ALL,1,20.7561,9,4
2017-11-01T15:50:00-00:00,2017-11-01,9,BALCH1_7_B2,BALCH1_7_B2,BALCH1_7_B2,RTM,LMP,LMP_PRC,BALCH1_7_B2,ALL,1,17.25699,10,4
2017-11-01T15:55:00-00:00,2017-11-01,9,BALCH1_7_B2,BALCH1_7_B2,BALCH1_7_B2,RTM,LMP,LMP_PRC,BALCH1_7_B2,ALL,1,15.147770000000001,11,4
2017-11-01T16:00:00-00:00,2017-11-01,9,BALCH1_7_B2,BALCH1_7_B2,BALCH1_7_B2,RTM,LMP,LMP_PRC,BALCH1_7_B2,ALL,1,12.25404,12,4
2017-11-01T16:05:00-00:00,2017-11-01,10,BALCH1_7_B2,BALCH1_7_B2,BALCH1_7_B2,RTM,LMP,LMP_PRC,BALCH1_7_B2,ALL,1,18.46925,1,4
2017-11-01T16:10:00-00:00,2017-11-01,10,BALCH1_7_B2,BALCH1_7_B2,BALCH1_7_B2,RTM,LMP,LMP_PRC,BALCH1_7_B2,ALL,1,21.56231,2,4
2017-11-01T16:15:00-00:00,2017-11-01,10,BALCH1_7_B2,BALCH1_7_B2,BALCH1_7_B2,RTM,LMP,LMP_PRC,BALCH1_7_B2,ALL,1,20.77792,3,4
2017-11-01T16:20:00-00:00,2017-11-01,10,BALCH1_7_B2,BALCH1_7_B2,BALCH1_7_B2,RTM,LMP,LMP_PRC,BALCH1_7_B2,ALL,1,20.12598,4,4
2017-11-01T16:25:00-00:00,2017-11-01,10,BALCH1_7_B2,BALCH1_7_B2,BALCH1_7_B2,RTM,LMP,LMP_PRC,BALCH1_7_B2,ALL,1,21.658070000000002,5,4
2017-11-01T16:30:00-00:00,2017-11-01,10,BALCH1_7_B2,BALCH1_7_B2,BALCH1_7_B2,RTM,LMP,LMP_PRC,BALCH1_7_B2,ALL,1,21.658070000000002,6,4
2017-11-01T16:35:00-00:00,2017-11-01,10,BALCH1_7_B2,BALCH1_7_B2,BALCH1_7_B2,RTM,LMP,LMP_PRC,BALCH1_7_B2,ALL,1,20.60434,7,4
2017-11-01T16:40:00-00:00,2017-11-01,10,BALCH1_7_B2,BALCH1_7_B2,BALCH1_7_B2,RTM,LMP,LMP_PRC,BALCH1_7_B2,ALL,1,20.51812,8,4
2017-11-01T16:45:00-00:00,2017-11-01,10,BALCH1_7_B2,BALCH1_7_B2,BALCH1_7_B2,RTM,LMP,LMP_PRC,BALCH1_7_B2,ALL,1,18.22121,9,4
2017-11-01T16:50:00-00:00,2017-11-01,10,BALCH1_7_B2,BALCH1_7_B2,BALCH1_7_B2,RTM,LMP,LMP_PRC,BALCH1_7_B2,ALL,1,17.454629999999998,10,4
2017-11-01T16:55:00-00:00,2017-11-01,10,BALCH1_7_B2,BALCH1_7_B2,BALCH1_7_B2,RTM,LMP,LMP_PRC,BALCH1_7_B2,ALL,1,16.6984,11,4
2017-11-01T17:00:00-00:00,2017-11-01,10,BALCH1_7_B2,BALCH1_7_B2,BALCH1_7_B2,RTM,LMP,LMP_PRC,BALCH1_7_B2,ALL,1,16.7614,12,4
2017-11-01T17:05:00-00:00,2017-11-01,11,BALCH1_7_B2,BALCH1_7_B2,BALCH1_7_B2,RTM,LMP,LMP_PRC,BALCH1_7_B2,ALL,1,22.6189,1,4
2017-11-01T17:10:00-00:00,2017-11-01,11,BALCH1_7_B2,BALCH1_7_B2,BALCH1_7_B2,RTM,LMP,LMP_PRC,BALCH1_7_B2,ALL,1,17.87536,2,4
2017-11-01T17:15:00-00:00,2017-11-01,11,BALCH1_7_B2,BALCH1_7_B2,BALCH1_7_B2,RTM,LMP,LMP_PRC,BALCH1_7_B2,ALL,1,16.37058,3,4
2017-11-01T17:20:00-00:00,2017-11-01,11,BALCH1_7_B2,BALCH1_7_B2,BALCH1_7_B2,RTM,LMP,LMP_PRC,BALCH1_7_B2,ALL,1,18.28414,4,4
2017-11-01T17:25:00-00:00,2017-11-01,11,BALCH1_7_B2,BALCH1_7_B2,BALCH1_7_B2,RTM,LMP,LMP_PRC,BALCH1_7_B2,ALL,1,18.13905,5,4
2017-11-01T17:30:00-00:00,2017-11-01,11,BALCH1_7_B2,BALCH1_7_B2,BALCH1_7_B2,RTM,LMP,LMP_PRC,BALCH1_7_B2,ALL,1,17.011039999999998,6,4
2017-11-01T17:35:00-00:00,2017-11-01,11,BALCH1_7_B2,BALCH1_7_B2,BALCH1_7_B2,RTM,LMP,LMP_PRC,BALCH1_7_B2,ALL,1,15.17063,7,4
2017-11-01T17:40:00-00:00,2017-11-01,11,BALCH1_7_B2,BALCH1_7_B2,BALCH1_7_B2,RTM,LMP,LMP_PRC,BALCH1_7_B2,ALL,1,16.80989,8,4
2017-11-01T17:45:00-00:00,2017-11-01,11,BALCH1_7_B2,BALCH1_7_B2,BALCH1_7_B2,RTM,LMP,LMP_PRC,BALCH1_7_B2,ALL,1,18.129260000000002,9,4
2017-11-01T17:50:00-00:00,2017-11-01,11,BALCH1_7_B2,BALCH1_7_B2,BALCH1_7_B2,RTM,LMP,LMP_PRC,BALCH1_7_B2,ALL,1,24.36919,10,4
2017-11-01T17:55:00-00:00,2017-11-01,11,BALCH1_7_B2,BALCH1_7_B2,BALCH1_7_B2,RTM,LMP,LMP_PRC,BALCH1_7_B2,ALL,1,22.884320000000002,11,4
2017-11-01T18:00:00-00:00,2017-11-01,11,BALCH1_7_B2,BALCH1_7_B2,BALCH1_7_B2,RTM,LMP,LMP_PRC,BALCH1_7_B2,ALL,1,23.85507,12,4
2017-11-01T18:05:00-00:00,2017-11-01,12,BALCH1_7_B2,BALCH1_7_B2,BALCH1_7_B2,RTM,LMP,LMP_PRC,BALCH1_7_B2,ALL,1,21.680229999999998,1,4
2017-11-01T18:10:00-00:00,2017-11-01,12,BALCH1_7_B2,BALCH1_7_B2,BALCH1_7_B2,RTM,LMP,LMP_PRC,BALCH1_7_B2,ALL,1,23.04055,2,4
2017-11-01T18:15:00-00:00,2017-11-01,12,BALCH1_7_B2,BALCH1_7_B2,BALCH1_7_B2,RTM,LMP,LMP_PRC,BALCH1_7_B2,ALL,1,21.92643,3,4
2017-11-01T18:20:00-00:00,2017-11-01,12,BALCH1_7_B2,BALCH1_7_B2,BALCH1_7_B2,RTM,LMP,LMP_PRC,BALCH1_7_B2,ALL,1,23.26214,4,4
2017-11-01T18:25:00-00:00,2017-11-01,12,BALCH1_7_B2,BALCH1_7_B2,BALCH1_7_B2,RTM,LMP,LMP_PRC,BALCH1_7_B2,ALL,1,22.10437,5,4
2017-11-01T18:30:00-00:00,2017-11-01,12,BALCH1_7_B2,BALCH1_7_B2,BALCH1_7_B2,RTM,LMP,LMP_PRC,BALCH1_7_B2,ALL,1,23.92836,6,4
2017-11-01T18:35:00-00:00,2017-11-01,12,BALCH1_7_B2,BALCH1_7_B2,BALCH1_7_B2,RTM,LMP,LMP_PRC,BALCH1_7_B2,ALL,1,21.981460000000002,7,4
2017-11-01T18:40:00-00:00,2017-11-01,12,BALCH1_7_B2,BALCH1_7_B2,BALCH1_7_B2,RTM,LMP,LMP_PRC,BALCH1_7_B2,ALL,1,22.98328,8,4
2017-11-01T18:45:00-00:00,2017-11-01,12,BALCH1_7_B2,BALCH1_7_B2,BALCH1_7_B2,RTM,LMP,LMP_PRC,BALCH1_7_B2,ALL,1,19.11852,9,4
2017-11-01T18:50:00-00:00,2017-11-01,12,BALCH1_7_B2,BALCH1_7_B2,BALCH1_7_B2,RTM,LMP,LMP_PRC,BALCH1_7_B2,ALL,1,28.31567,10,4
2017-11-01T18:55:00-00:00,2017-11-01,12,BALCH1_7_B2,BALCH1_7_B2,BALCH1_7_B2,RTM,LMP,LMP_PRC,BALCH1_7_B2,ALL,1,21.33176,11,4
2017-11-01T19:00:00-00:00,2017-11-01,12,BALCH1_7_B2,BALCH1_7_B2,BALCH1_7_B2,RTM,LMP,LMP_PRC,BALCH1_7_B2,ALL,1,21.57406,12,4
2017-11-01T19:05:00-00:00,2017-11-01,13,BALCH1_7_B2,BALCH1_7_B2,BALCH1_7_B2,RTM,LMP,LMP_PRC,BALCH1_7_B2,ALL,1,21.87988,1,4
2017-11-01T19:10:00-00:00,2017-11-01,13,BALCH1_7_B2,BALCH1_7_B2,BALCH1_7_B2,RTM,LMP,LMP_PRC,BALCH1_7_B2,ALL,1,21.517039999999998,2,4
2017-11-01T19:15:00-00:00,2017-11-01,13,BALCH1_7_B2,BALCH1_7_B2,BALCH1_7_B2,RTM,LMP,LMP_PRC,BALCH1_7_B2,ALL,1,21.87911,3,4
2017-11-01T19:20:00-00:00,2017-11-01,13,BALCH1_7_B2,BALCH1_7_B2,BALCH1_7_B2,RTM,LMP,LMP_PRC,BALCH1_7_B2,ALL,1,23.9055,4,4
2017-11-01T19:25:00-00:00,2017-11-01,13,BALCH1_7_B2,BALCH1_7_B2,BALCH1_7_B2,RTM,LMP,LMP_PRC,BALCH1_7_B2,ALL,1,24.139879999999998,5,4
2017-11-01T19:30:00-00:00,2017-11-01,13,BALCH1_7_B2,BALCH1_7_B2,BALCH1_7_B2,RTM,LMP,LMP_PRC,BALCH1_7_B2,ALL,1,24.30003,6,4
2017-11-01T19:35:00-00:00,2017-11-01,13,BALCH1_7_B2,BALCH1_7_B2,BALCH1_7_B2,RTM,LMP,LMP_PRC,BALCH1_7_B2,ALL,1,23.78593,7,4
2017-11-01T19:40:00-00:00,2017-11-01,13,BALCH1_7_B2,BALCH1_7_B2,BALCH1_7_B2,RTM,LMP,LMP_PRC,BALCH1_7_B2,ALL,1,21.92997,8,4
2017-11-01T19:45:00-00:00,2017-11-01,13,BALCH1_7_B2,BALCH1_7_B2,BALCH1_7_B2,RTM,LMP,LMP_PRC,BALCH1_7_B2,ALL,1,23.02691,9,4
2017-11-01T19:50:00-00:00,2017-11-01,13,BALCH1_7_B2,BALCH1_7_B2,BALCH1_7_B2,RTM,LMP,LMP_PRC,BALCH1_7_B2,ALL,1,23.39112,10,4
2017-11-01T19:55:00-00:00,2017-11-01,13,BALCH1_7_B2,BALCH1_7_B2,BALCH1_7_B2,RTM,LMP,LMP_PRC,BALCH1_7_B2,ALL,1,22.9818,11,4
2017-11-01T20:00:00-00:00,2017-11-01,13,BALCH1_7_B2,BALCH1_7_B2,BALCH1_7_B2,RTM,LMP,LMP_PRC,BALCH1_7_B2,ALL,1,21.993389999999998,12,4
2017-11-01T20:05:00-00:00,2017-11-01,14,BALCH1_7_B2,BALCH1_7_B2,BALCH1_7_B2,RTM,LMP,LMP_PRC,BALCH1_7_B2,ALL,1,22.46771,1,4
2017-11-01T20:10:00-00:00,2017-11-01,14,BALCH1_7_B2,BALCH1_7_B2,BALCH1_7_B2,RTM,LMP,LMP_PRC,BALCH1_7_B2,ALL,1,22.0115,2,4
2017-11-01T20:15:00-00:00,2017-11-01,14,BALCH1_7_B2,BALCH1_7_B2,BALCH1_7_B2,RTM,LMP,LMP_PRC,BALCH1_7_B2,ALL,1,21.65629,3,4
2017-11-01T20:20:00-00:00,2017-11-01,14,BALCH1_7_B2,BALCH1_7_B2,BALCH1_7_B2,RTM,LMP,LMP_PRC,BALCH1_7_B2,ALL,1,25.11613,4,4
2017-11-01T20:25:00-00:00,2017-11-01,14,BALCH1_7_B2,BALCH1_7_B2,BALCH1_7_B2,RTM,LMP,LMP_PRC,BALCH1_7_B2,ALL,1,22.40382,5,4
2017-11-01T20:30:00-00:00,2017-11-01,14,BALCH1_7_B2,BALCH1_7_B2,BALCH1_7_B2,RTM,LMP,LMP_PRC,BALCH1_7_B2,ALL,1,21.87389,6,4
2017-11-01T20:35:00-00:00,2017-11-01,14,BALCH1_7_B2,BALCH1_7_B2,BALCH1_7_B2,RTM,LMP,LMP_PRC,BALCH1_7_B2,ALL,1,22.35513,7,4
2017-11-01T20:40:00-00:00,2017-11-01,14,BALCH1_7_B2,BALCH1_7_B2,BALCH1_7_B2,RTM,LMP,LMP_PRC,BALCH1_7_B2,ALL,1,22.59741,8,4
2017-11-01T20:45:00-00:00,2017-11-01,14,BALCH1_7_B2,BALCH1_7_B2,BALCH1_7_B2,RTM,LMP,LMP_PRC,BALCH1_7_B2,ALL,1,22.47731,9,4
2017-11-01T20:50:00-00:00,2017-11-01,14,BALCH1_7_B2,BALCH1_7_B2,BALCH1_7_B2,RTM,LMP,LMP_PRC,BALCH1_7_B2,ALL,1,22.6977,10,4
2017-11-01T20:55:00-00:00,2017-11-01,14,BALCH1_7_B2,BALCH1_7_B2,BALCH1_7_B2,RTM,LMP,LMP_PRC,BALCH1_7_B2,ALL,1,22.892570000000003,11,4
2017-11-01T21:00:00-00:00,2017-11-01,14,BALCH1_7_B2,BALCH1_7_B2,BALCH1_7_B2,RTM,LMP,LMP_PRC,BALCH1_7_B2,ALL,1,22.19002,12,4
2017-11-01T21:05:00-00:00,2017-11-01,15,BALCH1_7_B2,BALCH1_7_B2,BALCH1_7_B2,RTM,LMP,LMP_PRC,BALCH1_7_B2,ALL,1,23.33615,1,4
2017-11-01T21:10:00-00:00,2017-11-01,15,BALCH1_7_B2,BALCH1_7_B2,BALCH1_7_B2,RTM,LMP,LMP_PRC,BALCH1_7_B2,ALL,1,23.17784,2,4
2017-11-01T21:15:00-00:00,2017-11-01,15,BALCH1_7_B2,BALCH1_7_B2,BALCH1_7_B2,RTM,LMP,LMP_PRC,BALCH1_7_B2,ALL,1,22.058970000000002,3,4
2017-11-01T21:20:00-00:00,2017-11-01,15,BALCH1_7_B2,BALCH1_7_B2,BALCH1_7_B2,RTM,LMP,LMP_PRC,BALCH1_7_B2,ALL,1,22.1047,4,4
2017-11-01T21:25:00-00:00,2017-11-01,15,BALCH1_7_B2,BALCH1_7_B2,BALCH1_7_B2,RTM,LMP,LMP_PRC,BALCH1_7_B2,ALL,1,21.6055,5,4
2017-11-01T21:30:00-00:00,2017-11-01,15,BALCH1_7_B2,BALCH1_7_B2,BALCH1_7_B2,RTM,LMP,LMP_PRC,BALCH1_7_B2,ALL,1,21.902079999999998,6,4
2017-11-01T21:35:00-00:00,2017-11-01,15,BALCH1_7_B2,BALCH1_7_B2,BALCH1_7_B2,RTM,LMP,LMP_PRC,BALCH1_7_B2,ALL,1,22.64241,7,4
2017-11-01T21:40:00-00:00,2017-11-01,15,BALCH1_7_B2,BALCH1_7_B2,BALCH1_7_B2,RTM,LMP,LMP_PRC,BALCH1_7_B2,ALL,1,24.2244,8,4
2017-11-01T21:45:00-00:00,2017-11-01,15,BALCH1_7_B2,BALCH1_7_B2,BALCH1_7_B2,RTM,LMP,LMP_PRC,BALCH1_7_B2,ALL,1,24.31886,9,4
2017-11-01T21:50:00-00:00,2017-11-01,15,BALCH1_7_B2,BALCH1_7_B2,BALCH1_7_B2,RTM,LMP,LMP_PRC,BALCH1_7_B2,ALL,1,23.88651,10,4
2017-11-01T21:55:00-00:00,2017-11-01,15,BALCH1_7_B2,BALCH1_7_B2,BALCH1_7_B2,RTM,LMP,LMP_PRC,BALCH1_7_B2,ALL,1,25.07103,11,4
2017-11-01T22:00:00-00:00,2017-11-01,15,BALCH1_7_B2,BALCH1_7_B2,BALCH1_7_B2,RTM,LMP,LMP_PRC,BALCH1_7_B2,ALL,1,26.4442,12,4
2017-11-01T22:05:00-00:00,2017-11-01,16,BALCH1_7_B2,BALCH1_7_B2,BALCH1_7_B2,RTM,LMP,LMP_PRC,BALCH1_7_B2,ALL,1,24.94716,1,4
2017-11-01T22:10:00-00:00,2017-11-01,16,BALCH1_7_B2,BALCH1_7_B2,BALCH1_7_B2,RTM,LMP,LMP_PRC,BALCH1_7_B2,ALL,1,24.5209,2,4
2017-11-01T22:15:00-00:00,2017-11-01,16,BALCH1_7_B2,BALCH1_7_B2,BALCH1_7_B2,RTM,LMP,LMP_PRC,BALCH1_7_B2,ALL,1,23.30678,3,4
2017-11-01T22:20:00-00:00,2017-11-01,16,BALCH1_7_B2,BALCH1_7_B2,BALCH1_7_B2,RTM,LMP,LMP_PRC,BALCH1_7_B2,ALL,1,19.236729999999998,4,4
2017-11-01T22:25:00-00:00,2017-11-01,16,BALCH1_7_B2,BALCH1_7_B2,BALCH1_7_B2,RTM,LMP,LMP_PRC,BALCH1_7_B2,ALL,1,18.48142,5,4
2017-11-01T22:30:00-00:00,2017-11-01,16,BALCH1_7_B2,BALCH1_7_B2,BALCH1_7_B2,RTM,LMP,LMP_PRC,BALCH1_7_B2,ALL,1,20.15716,6,4
2017-11-01T22:35:00-00:00,2017-11-01,16,BALCH1_7_B2,BALCH1_7_B2,BALCH1_7_B2,RTM,LMP,LMP_PRC,BALCH1_7_B2,ALL,1,23.56408,7,4
2017-11-01T22:40:00-00:00,2017-11-01,16,BALCH1_7_B2,BALCH1_7_B2,BALCH1_7_B2,RTM,LMP,LMP_PRC,BALCH1_7_B2,ALL,1,23.59585,8,4
2017-11-01T22:45:00-00:00,2017-11-01,16,BALCH1_7_B2,BALCH1_7_B2,BALCH1_7_B2,RTM,LMP,LMP_PRC,BALCH1_7_B2,ALL,1,24.80206,9,4
2017-11-01T22:50:00-00:00,2017-11-01,16,BALCH1_7_B2,BALCH1_7_B2,BALCH1_7_B2,RTM,LMP,LMP_PRC,BALCH1_7_B2,ALL,1,24.8634,10,4
2017-11-01T22:55:00-00:00,2017-11-01,16,BALCH1_7_B2,BALCH1_7_B2,BALCH1_7_B2,RTM,LMP,LMP_PRC,BALCH1_7_B2,ALL,1,26.866690000000002,11,4
2017-11-01T23:00:00-00:00,2017-11-01,16,BALCH1_7_B2,BALCH1_7_B2,BALCH1_7_B2,RTM,LMP,LMP_PRC,BALCH1_7_B2,ALL,1,27.087629999999997,12,4
2017-11-01T23:05:00-00:00,2017-11-01,17,BALCH1_7_B2,BALCH1_7_B2,BALCH1_7_B2,RTM,LMP,LMP_PRC,BALCH1_7_B2,ALL,1,20.14,1,4
2017-11-01T23:10:00-00:00,2017-11-01,17,BALCH1_7_B2,BALCH1_7_B2,BALCH1_7_B2,RTM,LMP,LMP_PRC,BALCH1_7_B2,ALL,1,19.53205,2,4
2017-11-01T23:15:00-00:00,2017-11-01,17,BALCH1_7_B2,BALCH1_7_B2,BALCH1_7_B2,RTM,LMP,LMP_PRC,BALCH1_7_B2,ALL,1,19.89801,3,4
2017-11-01T23:20:00-00:00,2017-11-01,17,BALCH1_7_B2,BALCH1_7_B2,BALCH1_7_B2,RTM,LMP,LMP_PRC,BALCH1_7_B2,ALL,1,27.399859999999997,4,4
2017-11-01T23:25:00-00:00,2017-11-01,17,BALCH1_7_B2,BALCH1_7_B2,BALCH1_7_B2,RTM,LMP,LMP_PRC,BALCH1_7_B2,ALL,1,27.990209999999998,5,4
2017-11-01T23:30:00-00:00,2017-11-01,17,BALCH1_7_B2,BALCH1_7_B2,BALCH1_7_B2,RTM,LMP,LMP_PRC,BALCH1_7_B2,ALL,1,33.52984,6,4
2017-11-01T23:35:00-00:00,2017-11-01,17,BALCH1_7_B2,BALCH1_7_B2,BALCH1_7_B2,RTM,LMP,LMP_PRC,BALCH1_7_B2,ALL,1,27.05,7,4
2017-11-01T23:40:00-00:00,2017-11-01,17,BALCH1_7_B2,BALCH1_7_B2,BALCH1_7_B2,RTM,LMP,LMP_PRC,BALCH1_7_B2,ALL,1,28.27045,8,4
2017-11-01T23:45:00-00:00,2017-11-01,17,BALCH1_7_B2,BALCH1_7_B2,BALCH1_7_B2,RTM,LMP,LMP_PRC,BALCH1_7_B2,ALL,1,31.527140000000003,9,4
2017-11-01T23:50:00-00:00,2017-11-01,17,BALCH1_7_B2,BALCH1_7_B2,BALCH1_7_B2,RTM,LMP,LMP_PRC,BALCH1_7_B2,ALL,1,44.10002,10,4
2017-11-01T23:55:00-00:00,2017-11-01,17,BALCH1_7_B2,BALCH1_7_B2,BALCH1_7_B2,RTM,LMP,LMP_PRC,BALCH1_7_B2,ALL,1,44.10002,11,4
2017-11-02T00:00:00-00:00,2017-11-01,17,BALCH1_7_B2,BALCH1_7_B2,BALCH1_7_B2,RTM,LMP,LMP_PRC,BALCH1_7_B2,ALL,1,52.67961999999999,12,4
2017-11-02T00:05:00-00:00,2017-11-01,18,BALCH1_7_B2,BALCH1_7_B2,BALCH1_7_B2,RTM,LMP,LMP_PRC,BALCH1_7_B2,ALL,1,26.93572,1,4
2017-11-02T00:10:00-00:00,2017-11-01,18,BALCH1_7_B2,BALCH1_7_B2,BALCH1_7_B2,RTM,LMP,LMP_PRC,BALCH1_7_B2,ALL,1,23.49428,2,4
2017-11-02T00:15:00-00:00,2017-11-01,18,BALCH1_7_B2,BALCH1_7_B2,BALCH1_7_B2,RTM,LMP,LMP_PRC,BALCH1_7_B2,ALL,1,23.49428,3,4
2017-11-02T00:20:00-00:00,2017-11-01,18,BALCH1_7_B2,BALCH1_7_B2,BALCH1_7_B2,RTM,LMP,LMP_PRC,BALCH1_7_B2,ALL,1,23.83065,4,4
2017-11-02T00:25:00-00:00,2017-11-01,18,BALCH1_7_B2,BALCH1_7_B2,BALCH1_7_B2,RTM,LMP,LMP_PRC,BALCH1_7_B2,ALL,1,24.769000000000002,5,4
2017-11-02T00:30:00-00:00,2017-11-01,18,BALCH1_7_B2,BALCH1_7_B2,BALCH1_7_B2,RTM,LMP,LMP_PRC,BALCH1_7_B2,ALL,1,29.321620000000003,6,4
2017-11-02T00:35:00-00:00,2017-11-01,18,BALCH1_7_B2,BALCH1_7_B2,BALCH1_7_B2,RTM,LMP,LMP_PRC,BALCH1_7_B2,ALL,1,32.93212,7,4
2017-11-02T00:40:00-00:00,2017-11-01,18,BALCH1_7_B2,BALCH1_7_B2,BALCH1_7_B2,RTM,LMP,LMP_PRC,BALCH1_7_B2,ALL,1,35.554429999999996,8,4
2017-11-02T00:45:00-00:00,2017-11-01,18,BALCH1_7_B2,BALCH1_7_B2,BALCH1_7_B2,RTM,LMP,LMP_PRC,BALCH1_7_B2,ALL,1,41.061170000000004,9,4
2017-11-02T00:50:00-00:00,2017-11-01,18,BALCH1_7_B2,BALCH1_7_B2,BALCH1_7_B2,RTM,LMP,LMP_PRC,BALCH1_7_B2,ALL,1,35.49427,10,4
2017-11-02T00:55:00-00:00,2017-11-01,18,BALCH1_7_B2,BALCH1_7_B2,BALCH1_7_B2,RTM,LMP,LMP_PRC,BALCH1_7_B2,ALL,1,41.083709999999996,11,4
2017-11-02T01:00:00-00:00,2017-11-01,18,BALCH1_7_B2,BALCH1_7_B2,BALCH1_7_B2,RTM,LMP,LMP_PRC,BALCH1_7_B2,ALL,1,43.422990000000006,12,4
2017-11-02T01:05:00-00:00,2017-11-01,19,BALCH1_7_B2,BALCH1_7_B2,BALCH1_7_B2,RTM,LMP,LMP_PRC,BALCH1_7_B2,ALL,1,29.70607,1,4
2017-11-02T01:10:00-00:00,2017-11-01,19,BALCH1_7_B2,BALCH1_7_B2,BALCH1_7_B2,RTM,LMP,LMP_PRC,BALCH1_7_B2,ALL,1,28.7751,2,4
2017-11-02T01:15:00-00:00,2017-11-01,19,BALCH1_7_B2,BALCH1_7_B2,BALCH1_7_B2,RTM,LMP,LMP_PRC,BALCH1_7_B2,ALL,1,27.81997,3,4
2017-11-02T01:20:00-00:00,2017-11-01,19,BALCH1_7_B2,BALCH1_7_B2,BALCH1_7_B2,RTM,LMP,LMP_PRC,BALCH1_7_B2,ALL,1,28.83489,4,4
2017-11-02T01:25:00-00:00,2017-11-01,19,BALCH1_7_B2,BALCH1_7_B2,BALCH1_7_B2,RTM,LMP,LMP_PRC,BALCH1_7_B2,ALL,1,29.455940000000002,5,4
2017-11-02T01:30:00-00:00,2017-11-01,19,BALCH1_7_B2,BALCH1_7_B2,BALCH1_7_B2,RTM,LMP,LMP_PRC,BALCH1_7_B2,ALL,1,33.08679,6,4
2017-11-02T01:35:00-00:00,2017-11-01,19,BALCH1_7_B2,BALCH1_7_B2,BALCH1_7_B2,RTM,LMP,LMP_PRC,BALCH1_7_B2,ALL,1,31.73497,7,4
2017-11-02T01:40:00-00:00,2017-11-01,19,BALCH1_7_B2,BALCH1_7_B2,BALCH1_7_B2,RTM,LMP,LMP_PRC,BALCH1_7_B2,ALL,1,35.12123,8,4
2017-11-02T01:45:00-00:00,2017-11-01,19,BALCH1_7_B2,BALCH1_7_B2,BALCH1_7_B2,RTM,LMP,LMP_PRC,BALCH1_7_B2,ALL,1,34.27171,9,4
2017-11-02T01:50:00-00:00,2017-11-01,19,BALCH1_7_B2,BALCH1_7_B2,BALCH1_7_B2,RTM,LMP,LMP_PRC,BALCH1_7_B2,ALL,1,35.30581,10,4
2017-11-02T01:55:00-00:00,2017-11-01,19,BALCH1_7_B2,BALCH1_7_B2,BALCH1_7_B2,RTM,LMP,LMP_PRC,BALCH1_7_B2,ALL,1,33.8134,11,4
2017-11-02T02:00:00-00:00,2017-11-01,19,BALCH1_7_B2,BALCH1_7_B2,BALCH1_7_B2,RTM,LMP,LMP_PRC,BALCH1_7_B2,ALL,1,30.137059999999998,12,4
2017-11-02T02:05:00-00:00,2017-11-01,20,BALCH1_7_B2,BALCH1_7_B2,BALCH1_7_B2,RTM,LMP,LMP_PRC,BALCH1_7_B2,ALL,1,28.435140000000004,1,4
2017-11-02T02:10:00-00:00,2017-11-01,20,BALCH1_7_B2,BALCH1_7_B2,BALCH1_7_B2,RTM,LMP,LMP_PRC,BALCH1_7_B2,ALL,1,28.23602,2,4
2017-11-02T02:15:00-00:00,2017-11-01,20,BALCH1_7_B2,BALCH1_7_B2,BALCH1_7_B2,RTM,LMP,LMP_PRC,BALCH1_7_B2,ALL,1,27.978690000000004,3,4
2017-11-02T02:20:00-00:00,2017-11-01,20,BALCH1_7_B2,BALCH1_7_B2,BALCH1_7_B2,RTM,LMP,LMP_PRC,BALCH1_7_B2,ALL,1,33.55342,4,4
2017-11-02T02:25:00-00:00,2017-11-01,20,BALCH1_7_B2,BALCH1_7_B2,BALCH1_7_B2,RTM,LMP,LMP_PRC,BALCH1_7_B2,ALL,1,36.9421,5,4
2017-11-02T02:30:00-00:00,2017-11-01,20,BALCH1_7_B2,BALCH1_7_B2,BALCH1_7_B2,RTM,LMP,LMP_PRC,BALCH1_7_B2,ALL,1,34.83109,6,4
2017-11-02T02:35:00-00:00,2017-11-01,20,BALCH1_7_B2,BALCH1_7_B2,BALCH1_7_B2,RTM,LMP,LMP_PRC,BALCH1_7_B2,ALL,1,34.48265,7,4
2017-11-02T02:40:00-00:00,2017-11-01,20,BALCH1_7_B2,BALCH1_7_B2,BALCH1_7_B2,RTM,LMP,LMP_PRC,BALCH1_7_B2,ALL,1,33.80957,8,4
2017-11-02T02:45:00-00:00,2017-11-01,20,BALCH1_7_B2,BALCH1_7_B2,BALCH1_7_B2,RTM,LMP,LMP_PRC,BALCH1_7_B2,ALL,1,33.80937,9,4
2017-11-02T02:50:00-00:00,2017-11-01,20,BALCH1_7_B2,BALCH1_7_B2,BALCH1_7_B2,RTM,LMP,LMP_PRC,BALCH1_7_B2,ALL,1,37.1072,10,4
2017-11-02T02:55:00-00:00,2017-11-01,20,BALCH1_7_B2,BALCH1_7_B2,BALCH1_7_B2,RTM,LMP,LMP_PRC,BALCH1_7_B2,ALL,1,39.5933,11,4
2017-11-02T03:00:00-00:00,2017-11-01,20,BALCH1_7_B2,BALCH1_7_B2,BALCH1_7_B2,RTM,LMP,LMP_PRC,BALCH1_7_B2,ALL,1,41.6219,12,4
2017-11-02T03:05:00-00:00,2017-11-01,21,BALCH1_7_B2,BALCH1_7_B2,BALCH1_7_B2,RTM,LMP,LMP_PRC,BALCH1_7_B2,ALL,1,47.38878,1,4
2017-11-02T03:10:00-00:00,2017-11-01,21,BALCH1_7_B2,BALCH1_7_B2,BALCH1_7_B2,RTM,LMP,LMP_PRC,BALCH1_7_B2,ALL,1,47.38878,2,4
2017-11-02T03:15:00-00:00,2017-11-01,21,BALCH1_7_B2,BALCH1_7_B2,BALCH1_7_B2,RTM,LMP,LMP_PRC,BALCH1_7_B2,ALL,1,51.68315,3,4
2017-11-02T03:20:00-00:00,2017-11-01,21,BALCH1_7_B2,BALCH1_7_B2,BALCH1_7_B2,RTM,LMP,LMP_PRC,BALCH1_7_B2,ALL,1,57.117259999999995,4,4
2017-11-02T03:25:00-00:00,2017-11-01,21,BALCH1_7_B2,BALCH1_7_B2,BALCH1_7_B2,RTM,LMP,LMP_PRC,BALCH1_7_B2,ALL,1,65.89193,5,4
2017-11-02T03:30:00-00:00,2017-11-01,21,BALCH1_7_B2,BALCH1_7_B2,BALCH1_7_B2,RTM,LMP,LMP_PRC,BALCH1_7_B2,ALL,1,57.117259999999995,6,4
2017-11-02T03:35:00-00:00,2017-11-01,21,BALCH1_7_B2,BALCH1_7_B2,BALCH1_7_B2,RTM,LMP,LMP_PRC,BALCH1_7_B2,ALL,1,51.268440000000005,7,4
2017-11-02T03:40:00-00:00,2017-11-01,21,BALCH1_7_B2,BALCH1_7_B2,BALCH1_7_B2,RTM,LMP,LMP_PRC,BALCH1_7_B2,ALL,1,47.2319,8,4
2017-11-02T03:45:00-00:00,2017-11-01,21,BALCH1_7_B2,BALCH1_7_B2,BALCH1_7_B2,RTM,LMP,LMP_PRC,BALCH1_7_B2,ALL,1,40.69213,9,4
2017-11-02T03:50:00-00:00,2017-11-01,21,BALCH1_7_B2,BALCH1_7_B2,BALCH1_7_B2,RTM,LMP,LMP_PRC,BALCH1_7_B2,ALL,1,39.49581,10,4
2017-11-02T03:55:00-00:00,2017-11-01,21,BALCH1_7_B2,BALCH1_7_B2,BALCH1_7_B2,RTM,LMP,LMP_PRC,BALCH1_7_B2,ALL,1,42.83231,11,4
2017-11-02T04:00:00-00:00,2017-11-01,21,BALCH1_7_B2,BALCH1_7_B2,BALCH1_7_B2,RTM,LMP,LMP_PRC,BALCH1_7_B2,ALL,1,41.813629999999996,12,4
2017-11-02T04:05:00-00:00,2017-11-01,22,BALCH1_7_B2,BALCH1_7_B2,BALCH1_7_B2,RTM,LMP,LMP_PRC,BALCH1_7_B2,ALL,1,70.13914,1,4
2017-11-02T04:10:00-00:00,2017-11-01,22,BALCH1_7_B2,BALCH1_7_B2,BALCH1_7_B2,RTM,LMP,LMP_PRC,BALCH1_7_B2,ALL,1,59.606869999999994,2,4
2017-11-02T04:15:00-00:00,2017-11-01,22,BALCH1_7_B2,BALCH1_7_B2,BALCH1_7_B2,RTM,LMP,LMP_PRC,BALCH1_7_B2,ALL,1,43.179809999999996,3,4
2017-11-02T04:20:00-00:00,2017-11-01,22,BALCH1_7_B2,BALCH1_7_B2,BALCH1_7_B2,RTM,LMP,LMP_PRC,BALCH1_7_B2,ALL,1,47.52795,4,4
2017-11-02T04:25:00-00:00,2017-11-01,22,BALCH1_7_B2,BALCH1_7_B2,BALCH1_7_B2,RTM,LMP,LMP_PRC,BALCH1_7_B2,ALL,1,40.80404,5,4
2017-11-02T04:30:00-00:00,2017-11-01,22,BALCH1_7_B2,BALCH1_7_B2,BALCH1_7_B2,RTM,LMP,LMP_PRC,BALCH1_7_B2,ALL,1,43.14694,6,4
2017-11-02T04:35:00-00:00,2017-11-01,22,BALCH1_7_B2,BALCH1_7_B2,BALCH1_7_B2,RTM,LMP,LMP_PRC,BALCH1_7_B2,ALL,1,39.368809999999996,7,4
2017-11-02T04:40:00-00:00,2017-11-01,22,BALCH1_7_B2,BALCH1_7_B2,BALCH1_7_B2,RTM,LMP,LMP_PRC,BALCH1_7_B2,ALL,1,35.68135,8,4
2017-11-02T04:45:00-00:00,2017-11-01,22,BALCH1_7_B2,BALCH1_7_B2,BALCH1_7_B2,RTM,LMP,LMP_PRC,BALCH1_7_B2,ALL,1,26.86628,9,4
2017-11-02T04:50:00-00:00,2017-11-01,22,BALCH1_7_B2,BALCH1_7_B2,BALCH1_7_B2,RTM,LMP,LMP_PRC,BALCH1_7_B2,ALL,1,25.64657,10,4
2017-11-02T04:55:00-00:00,2017-11-01,22,BALCH1_7_B2,BALCH1_7_B2,BALCH1_7_B2,RTM,LMP,LMP_PRC,BALCH1_7_B2,ALL,1,28.752209999999998,11,4
2017-11-02T05:00:00-00:00,2017-11-01,22,BALCH1_7_B2,BALCH1_7_B2,BALCH1_7_B2,RTM,LMP,LMP_PRC,BALCH1_7_B2,ALL,1,32.67399,12,4
2017-11-02T05:05:00-00:00,2017-11-01,23,BALCH1_7_B2,BALCH1_7_B2,BALCH1_7_B2,RTM,LMP,LMP_PRC,BALCH1_7_B2,ALL,1,28.92577,1,4
2017-11-02T05:10:00-00:00,2017-11-01,23,BALCH1_7_B2,BALCH1_7_B2,BALCH1_7_B2,RTM,LMP,LMP_PRC,BALCH1_7_B2,ALL,1,32.218509999999995,2,4
2017-11-02T05:15:00-00:00,2017-11-01,23,BALCH1_7_B2,BALCH1_7_B2,BALCH1_7_B2,RTM,LMP,LMP_PRC,BALCH1_7_B2,ALL,1,29.728140000000003,3,4
2017-11-02T05:20:00-00:00,2017-11-01,23,BALCH1_7_B2,BALCH1_7_B2,BALCH1_7_B2,RTM,LMP,LMP_PRC,BALCH1_7_B2,ALL,1,33.48552,4,4
2017-11-02T05:25:00-00:00,2017-11-01,23,BALCH1_7_B2,BALCH1_7_B2,BALCH1_7_B2,RTM,LMP,LMP_PRC,BALCH1_7_B2,ALL,1,32.5239,5,4
2017-11-02T05:30:00-00:00,2017-11-01,23,BALCH1_7_B2,BALCH1_7_B2,BALCH1_7_B2,RTM,LMP,LMP_PRC,BALCH1_7_B2,ALL,1,33.08305,6,4
2017-11-02T05:35:00-00:00,2017-11-01,23,BALCH1_7_B2,BALCH1_7_B2,BALCH1_7_B2,RTM,LMP,LMP_PRC,BALCH1_7_B2,ALL,1,29.708779999999997,7,4
2017-11-02T05:40:00-00:00,2017-11-01,23,BALCH1_7_B2,BALCH1_7_B2,BALCH1_7_B2,RTM,LMP,LMP_PRC,BALCH1_7_B2,ALL,1,29.786859999999997,8,4
2017-11-02T05:45:00-00:00,2017-11-01,23,BALCH1_7_B2,BALCH1_7_B2,BALCH1_7_B2,RTM,LMP,LMP_PRC,BALCH1_7_B2,ALL,1,27.465320000000002,9,4
2017-11-02T05:50:00-00:00,2017-11-01,23,BALCH1_7_B2,BALCH1_7_B2,BALCH1_7_B2,RTM,LMP,LMP_PRC,BALCH1_7_B2,ALL,1,25.960739999999998,10,4
2017-11-02T05:55:00-00:00,2017-11-01,23,BALCH1_7_B2,BALCH1_7_B2,BALCH1_7_B2,RTM,LMP,LMP_PRC,BALCH1_7_B2,ALL,1,25.31745,11,4
2017-11-02T06:00:00-00:00,2017-11-01,23,BALCH1_7_B2,BALCH1_7_B2,BALCH1_7_B2,RTM,LMP,LMP_PRC,BALCH1_7_B2,ALL,1,24.28585,12,4
