INTERVALENDTIME_GMT,OPR_DT,OPR_HR,OPR_INTERVAL,NODE_ID_XML,NODE_ID,NODE,MARKET_RUN_ID,LMP_TYPE,XML_DATA_ITEM,PNODE_RESMRID,GRP_TYPE,POS,MW,GROUP
2017-10-01T22:00:00-00:00,2017-10-01,15,0,CPESCNDO_7_A1,CPESCNDO_7_A1,CPESCNDO_7_A1,DAM,LMP,LMP_PRC,CPESCNDO_7_A1,ALL,1,22.06757,1
2017-10-02T04:00:00-00:00,2017-10-01,21,0,CPESCNDO_7_A1,CPESCNDO_7_A1,CPESCNDO_7_A1,DAM,LMP,LMP_PRC,CPESCNDO_7_A1,ALL,1,43.151109999999996,1
2017-10-02T02:00:00-00:00,2017-10-01,19,0,CPESCNDO_7_A1,CPESCNDO_7_A1,CPESCNDO_7_A1,DAM,LMP,LMP_PRC,CPESCNDO_7_A1,ALL,1,48.66081,1
2017-10-01T17:00:00-00:00,2017-10-01,10,0,CPESCNDO_7_A1,CPESCNDO_7_A1,CPESCNDO_7_A1,DAM,LMP,LMP_PRC,CPESCNDO_7_A1,ALL,1,8.9232,1
2017-10-02T03:00:00-00:00,2017-10-01,20,0,CPESCNDO_7_A1,CPESCNDO_7_A1,CPESCNDO_7_A1,DAM,LMP,LMP_PRC,CPESCNDO_7_A1,ALL,1,57.14996,1
2017-10-02T06:00:00-00:00,2017-10-01,23,0,CPESCNDO_7_A1,CPESCNDO_7_A1,CPESCNDO_7_A1,DAM,LMP,LMP_PRC,CPESCNDO_7_A1,ALL,1,31.38614,1
2017-10-02T07:00:00-00:00,2017-10-01,24,0,CPESCNDO_7_A1,CPESCNDO_7_A1,CPESCNDO_7_A1,DAM,LMP,LMP_PRC,CPESCNDO_7_A1,ALL,1,27.45992,1
2017-10-01T18:00:00-00:00,2017-10-01,11,0,CPESCNDO_7_A1,CPESCNDO_7_A1,CPESCNDO_7_A1,DAM,LMP,LMP_PRC,CPESCNDO_7_A1,ALL,1,5.58283,1
2017-10-01T19:00:00-00:00,2017-10-01,12,0,CPESCNDO_7_A1,CPESCNDO_7_A1,CPESCNDO_7_A1,DAM,LMP,LMP_PRC,CPESCNDO_7_A1,ALL,1,6.752730000000001,1
2017-10-01T15:00:00-00:00,2017-10-01,8,0,CPESCNDO_7_A1,CPESCNDO_7_A1,CPESCNDO_7_A1,DAM,LMP,LMP_PRC,CPESCNDO_7_A1,ALL,1,27.90372,1
2017-10-01T12:00:00-00:00,2017-10-01,5,0,CPESCNDO_7_A1,CPESCNDO_7_A1,CPESCNDO_7_A1,DAM,LMP,LMP_PRC,CPESCNDO_7_A1,ALL,1,27.977420000000002,1
2017-10-01T14:00:00-00:00,2017-10-01,7,0,CPESCNDO_7_A1,CPESCNDO_7_A1,CPESCNDO_7_A1,DAM,LMP,LMP_PRC,CPESCNDO_7_A1,ALL,1,30.0191,1
2017-10-01T16:00:00-00:00,2017-10-01,9,0,CPESCNDO_7_A1,CPESCNDO_7_A1,CPESCNDO_7_A1,DAM,LMP,LMP_PRC,CPESCNDO_7_A1,ALL,1,20.62053,1
2017-10-02T05:00:00-00:00,2017-10-01,22,0,CPESCNDO_7_A1,CPESCNDO_7_A1,CPESCNDO_7_A1,DAM,LMP,LMP_PRC,CPESCNDO_7_A1,ALL,1,35.478120000000004,1
2017-10-01T09:00:00-00:00,2017-10-01,2,0,CPESCNDO_7_A1,CPESCNDO_7_A1,CPESCNDO_7_A1,DAM,LMP,LMP_PRC,CPESCNDO_7_A1,ALL,1,26.96965,1
2017-10-01T10:00:00-00:00,2017-10-01,3,0,CPESCNDO_7_A1,CPESCNDO_7_A1,CPESCNDO_7_A1,DAM,LMP,LMP_PRC,CPESCNDO_7_A1,ALL,1,27.98922,1
2017-10-01T13:00:00-00:00,2017-10-01,6,0,CPESCNDO_7_A1,CPESCNDO_7_A1,CPESCNDO_7_A1,DAM,LMP,LMP_PRC,CPESCNDO_7_A1,ALL,1,30.819029999999998,1
2017-10-02T01:00:00-00:00,2017-10-01,18,0,CPESCNDO_7_A1,CPESCNDO_7_A1,CPESCNDO_7_A1,DAM,LMP,LMP_PRC,CPESCNDO_7_A1,ALL,1,34.534659999999995,1
2017-10-01T11:00:00-00:00,2017-10-01,4,0,CPESCNDO_7_A1,CPESCNDO_7_A1,CPESCNDO_7_A1,DAM,LMP,LMP_PRC,CPESCNDO_7_A1,ALL,1,27.235559999999996,1
2017-10-01T21:00:00-00:00,2017-10-01,14,0,CPESCNDO_7_A1,CPESCNDO_7_A1,CPESCNDO_7_A1,DAM,LMP,LMP_PRC,CPESCNDO_7_A1,ALL,1,18.130570000000002,1
2017-10-02T00:00:00-00:00,2017-10-01,17,0,CPESCNDO_7_A1,CPESCNDO_7_A1,CPESCNDO_7_A1,DAM,LMP,LMP_PRC,CPESCNDO_7_A1,ALL,1,25.87197,1
2017-10-01T08:00:00-00:00,2017-10-01,1,0,CPESCNDO_7_A1,CPESCNDO_7_A1,CPESCNDO_7_A1,DAM,LMP,LMP_PRC,CPESCNDO_7_A1,ALL,1,27.24751,1
2017-10-01T20:00:00-00:00,2017-10-01,13,0,CPESCNDO_7_A1,CPESCNDO_7_A1,CPESCNDO_7_A1,DAM,LMP,LMP_PRC,CPESCNDO_7_A1,ALL,1,12.015360000000001,1
2017-10-01T23:00:00-00:00,2017-10-01,16,0,CPESCNDO_7_A1,CPESCNDO_7_A1,CPESCNDO_7_A1,DAM,LMP,LMP_PRC,CPESCNDO_7_A1,ALL,1,24.366220000000002,1
2017-10-02T14:00:00-00:00,2017-10-02,7,0,CPESCNDO_7_A1,CPESCNDO_7_A1,CPESCNDO_7_A1,DAM,LMP,LMP_PRC,CPESCNDO_7_A1,ALL,1,38.10411,5
2017-10-02T15:00:00-00:00,2017-10-02,8,0,CPESCNDO_7_A1,CPESCNDO_7_A1,CPESCNDO_7_A1,DAM,LMP,LMP_PRC,CPESCNDO_7_A1,ALL,1,46.03738,5
2017-10-02T08:00:00-00:00,2017-10-02,1,0,CPESCNDO_7_A1,CPESCNDO_7_A1,CPESCNDO_7_A1,DAM,LMP,LMP_PRC,CPESCNDO_7_A1,ALL,1,26.328409999999998,5
2017-10-03T06:00:00-00:00,2017-10-02,23,0,CPESCNDO_7_A1,CPESCNDO_7_A1,CPESCNDO_7_A1,DAM,LMP,LMP_PRC,CPESCNDO_7_A1,ALL,1,32.61609,5
2017-10-03T04:00:00-00:00,2017-10-02,21,0,CPESCNDO_7_A1,CPESCNDO_7_A1,CPESCNDO_7_A1,DAM,LMP,LMP_PRC,CPESCNDO_7_A1,ALL,1,43.718720000000005,5
2017-10-02T21:00:00-00:00,2017-10-02,14,0,CPESCNDO_7_A1,CPESCNDO_7_A1,CPESCNDO_7_A1,DAM,LMP,LMP_PRC,CPESCNDO_7_A1,ALL,1,33.46363,5
2017-10-02T23:00:00-00:00,2017-10-02,16,0,CPESCNDO_7_A1,CPESCNDO_7_A1,CPESCNDO_7_A1,DAM,LMP,LMP_PRC,CPESCNDO_7_A1,ALL,1,32.15059,5
2017-10-02T11:00:00-00:00,2017-10-02,4,0,CPESCNDO_7_A1,CPESCNDO_7_A1,CPESCNDO_7_A1,DAM,LMP,LMP_PRC,CPESCNDO_7_A1,ALL,1,25.83373,5
2017-10-03T07:00:00-00:00,2017-10-02,24,0,CPESCNDO_7_A1,CPESCNDO_7_A1,CPESCNDO_7_A1,DAM,LMP,LMP_PRC,CPESCNDO_7_A1,ALL,1,29.126009999999997,5
2017-10-02T18:00:00-00:00,2017-10-02,11,0,CPESCNDO_7_A1,CPESCNDO_7_A1,CPESCNDO_7_A1,DAM,LMP,LMP_PRC,CPESCNDO_7_A1,ALL,1,33.285270000000004,5
2017-10-02T09:00:00-00:00,2017-10-02,2,0,CPESCNDO_7_A1,CPESCNDO_7_A1,CPESCNDO_7_A1,DAM,LMP,LMP_PRC,CPESCNDO_7_A1,ALL,1,26.3442,5
2017-10-03T01:00:00-00:00,2017-10-02,18,0,CPESCNDO_7_A1,CPESCNDO_7_A1,CPESCNDO_7_A1,DAM,LMP,LMP_PRC,CPESCNDO_7_A1,ALL,1,42.94187,5
2017-10-03T00:00:00-00:00,2017-10-02,17,0,CPESCNDO_7_A1,CPESCNDO_7_A1,CPESCNDO_7_A1,DAM,LMP,LMP_PRC,CPESCNDO_7_A1,ALL,1,32.630359999999996,5
2017-10-02T10:00:00-00:00,2017-10-02,3,0,CPESCNDO_7_A1,CPESCNDO_7_A1,CPESCNDO_7_A1,DAM,LMP,LMP_PRC,CPESCNDO_7_A1,ALL,1,25.88692,5
2017-10-02T22:00:00-00:00,2017-10-02,15,0,CPESCNDO_7_A1,CPESCNDO_7_A1,CPESCNDO_7_A1,DAM,LMP,LMP_PRC,CPESCNDO_7_A1,ALL,1,29.823390000000003,5
2017-10-02T19:00:00-00:00,2017-10-02,12,0,CPESCNDO_7_A1,CPESCNDO_7_A1,CPESCNDO_7_A1,DAM,LMP,LMP_PRC,CPESCNDO_7_A1,ALL,1,33.99377,5
2017-10-02T13:00:00-00:00,2017-10-02,6,0,CPESCNDO_7_A1,CPESCNDO_7_A1,CPESCNDO_7_A1,DAM,LMP,LMP_PRC,CPESCNDO_7_A1,ALL,1,29.881220000000003,5
2017-10-03T05:00:00-00:00,2017-10-02,22,0,CPESCNDO_7_A1,CPESCNDO_7_A1,CPESCNDO_7_A1,DAM,LMP,LMP_PRC,CPESCNDO_7_A1,ALL,1,37.31568,5
2017-10-02T20:00:00-00:00,2017-10-02,13,0,CPESCNDO_7_A1,CPESCNDO_7_A1,CPESCNDO_7_A1,DAM,LMP,LMP_PRC,CPESCNDO_7_A1,ALL,1,29.2339,5
2017-10-03T02:00:00-00:00,2017-10-02,19,0,CPESCNDO_7_A1,CPESCNDO_7_A1,CPESCNDO_7_A1,DAM,LMP,LMP_PRC,CPESCNDO_7_A1,ALL,1,50.68848,5
2017-10-02T12:00:00-00:00,2017-10-02,5,0,CPESCNDO_7_A1,CPESCNDO_7_A1,CPESCNDO_7_A1,DAM,LMP,LMP_PRC,CPESCNDO_7_A1,ALL,1,26.69473,5
2017-10-02T17:00:00-00:00,2017-10-02,10,0,CPESCNDO_7_A1,CPESCNDO_7_A1,CPESCNDO_7_A1,DAM,LMP,LMP_PRC,CPESCNDO_7_A1,ALL,1,32.17922,5
2017-10-02T16:00:00-00:00,2017-10-02,9,0,CPESCNDO_7_A1,CPESCNDO_7_A1,CPESCNDO_7_A1,DAM,LMP,LMP_PRC,CPESCNDO_7_A1,ALL,1,36.92791,5
2017-10-03T03:00:00-00:00,2017-10-02,20,0,CPESCNDO_7_A1,CPESCNDO_7_A1,CPESCNDO_7_A1,DAM,LMP,LMP_PRC,CPESCNDO_7_A1,ALL,1,60.32936,5
2017-10-03T20:00:00-00:00,2017-10-03,13,0,CPESCNDO_7_A1,CPESCNDO_7_A1,CPESCNDO_7_A1,DAM,LMP,LMP_PRC,CPESCNDO_7_A1,ALL,1,29.02866,9
2017-10-04T05:00:00-00:00,2017-10-03,22,0,CPESCNDO_7_A1,CPESCNDO_7_A1,CPESCNDO_7_A1,DAM,LMP,LMP_PRC,CPESCNDO_7_A1,ALL,1,38.09851,9
2017-10-03T21:00:00-00:00,2017-10-03,14,0,CPESCNDO_7_A1,CPESCNDO_7_A1,CPESCNDO_7_A1,DAM,LMP,LMP_PRC,CPESCNDO_7_A1,ALL,1,29.357879999999998,9
2017-10-03T22:00:00-00:00,2017-10-03,15,0,CPESCNDO_7_A1,CPESCNDO_7_A1,CPESCNDO_7_A1,DAM,LMP,LMP_PRC,CPESCNDO_7_A1,ALL,1,26.93103,9
2017-10-03T17:00:00-00:00,2017-10-03,10,0,CPESCNDO_7_A1,CPESCNDO_7_A1,CPESCNDO_7_A1,DAM,LMP,LMP_PRC,CPESCNDO_7_A1,ALL,1,38.15189,9
2017-10-03T08:00:00-00:00,2017-10-03,1,0,CPESCNDO_7_A1,CPESCNDO_7_A1,CPESCNDO_7_A1,DAM,LMP,LMP_PRC,CPESCNDO_7_A1,ALL,1,28.188540000000003,9
2017-10-03T18:00:00-00:00,2017-10-03,11,0,CPESCNDO_7_A1,CPESCNDO_7_A1,CPESCNDO_7_A1,DAM,LMP,LMP_PRC,CPESCNDO_7_A1,ALL,1,31.6815,9
2017-10-03T16:00:00-00:00,2017-10-03,9,0,CPESCNDO_7_A1,CPESCNDO_7_A1,CPESCNDO_7_A1,DAM,LMP,LMP_PRC,CPESCNDO_7_A1,ALL,1,40.0,9
2017-10-03T12:00:00-00:00,2017-10-03,5,0,CPESCNDO_7_A1,CPESCNDO_7_A1,CPESCNDO_7_A1,DAM,LMP,LMP_PRC,CPESCNDO_7_A1,ALL,1,28.26233,9
2017-10-03T09:00:00-00:00,2017-10-03,2,0,CPESCNDO_7_A1,CPESCNDO_7_A1,CPESCNDO_7_A1,DAM,LMP,LMP_PRC,CPESCNDO_7_A1,ALL,1,27.789640000000002,9
2017-10-04T07:00:00-00:00,2017-10-03,24,0,CPESCNDO_7_A1,CPESCNDO_7_A1,CPESCNDO_7_A1,DAM,LMP,LMP_PRC,CPESCNDO_7_A1,ALL,1,30.961340000000003,9
2017-10-04T04:00:00-00:00,2017-10-03,21,0,CPESCNDO_7_A1,CPESCNDO_7_A1,CPESCNDO_7_A1,DAM,LMP,LMP_PRC,CPESCNDO_7_A1,ALL,1,45.51547,9
2017-10-04T03:00:00-00:00,2017-10-03,20,0,CPESCNDO_7_A1,CPESCNDO_7_A1,CPESCNDO_7_A1,DAM,LMP,LMP_PRC,CPESCNDO_7_A1,ALL,1,60.863319999999995,9
2017-10-04T02:00:00-00:00,2017-10-03,19,0,CPESCNDO_7_A1,CPESCNDO_7_A1,CPESCNDO_7_A1,DAM,LMP,LMP_PRC,CPESCNDO_7_A1,ALL,1,50.7198,9
2017-10-03T23:00:00-00:00,2017-10-03,16,0,CPESCNDO_7_A1,CPESCNDO_7_A1,CPESCNDO_7_A1,DAM,LMP,LMP_PRC,CPESCNDO_7_A1,ALL,1,28.696379999999998,9
2017-10-03T14:00:00-00:00,2017-10-03,7,0,CPESCNDO_7_A1,CPESCNDO_7_A1,CPESCNDO_7_A1,DAM,LMP,LMP_PRC,CPESCNDO_7_A1,ALL,1,39.83062,9
2017-10-03T13:00:00-00:00,2017-10-03,6,0,CPESCNDO_7_A1,CPESCNDO_7_A1,CPESCNDO_7_A1,DAM,LMP,LMP_PRC,CPESCNDO_7_A1,ALL,1,32.68789,9
2017-10-04T06:00:00-00:00,2017-10-03,23,0,CPESCNDO_7_A1,CPESCNDO_7_A1,CPESCNDO_7_A1,DAM,LMP,LMP_PRC,CPESCNDO_7_A1,ALL,1,35.11872,9
2017-10-04T00:00:00-00:00,2017-10-03,17,0,CPESCNDO_7_A1,CPESCNDO_7_A1,CPESCNDO_7_A1,DAM,LMP,LMP_PRC,CPESCNDO_7_A1,ALL,1,29.91583,9
2017-10-04T01:00:00-00:00,2017-10-03,18,0,CPESCNDO_7_A1,CPESCNDO_7_A1,CPESCNDO_7_A1,DAM,LMP,LMP_PRC,CPESCNDO_7_A1,ALL,1,42.23868,9
2017-10-03T19:00:00-00:00,2017-10-03,12,0,CPESCNDO_7_A1,CPESCNDO_7_A1,CPESCNDO_7_A1,DAM,LMP,LMP_PRC,CPESCNDO_7_A1,ALL,1,28.02849,9
2017-10-03T10:00:00-00:00,2017-10-03,3,0,CPESCNDO_7_A1,CPESCNDO_7_A1,CPESCNDO_7_A1,DAM,LMP,LMP_PRC,CPESCNDO_7_A1,ALL,1,28.01636,9
2017-10-03T15:00:00-00:00,2017-10-03,8,0,CPESCNDO_7_A1,CPESCNDO_7_A1,CPESCNDO_7_A1,DAM,LMP,LMP_PRC,CPESCNDO_7_A1,ALL,1,43.07867,9
2017-10-03T11:00:00-00:00,2017-10-03,4,0,CPESCNDO_7_A1,CPESCNDO_7_A1,CPESCNDO_7_A1,DAM,LMP,LMP_PRC,CPESCNDO_7_A1,ALL,1,27.601609999999997,9
2017-10-04T13:00:00-00:00,2017-10-04,6,0,CPESCNDO_7_A1,CPESCNDO_7_A1,CPESCNDO_7_A1,DAM,LMP,LMP_PRC,CPESCNDO_7_A1,ALL,1,32.04506,13
2017-10-04T20:00:00-00:00,2017-10-04,13,0,CPESCNDO_7_A1,CPESCNDO_7_A1,CPESCNDO_7_A1,DAM,LMP,LMP_PRC,CPESCNDO_7_A1,ALL,1,35.50485,13
2017-10-05T03:00:00-00:00,2017-10-04,20,0,CPESCNDO_7_A1,CPESCNDO_7_A1,CPESCNDO_7_A1,DAM,LMP,LMP_PRC,CPESCNDO_7_A1,ALL,1,68.96934,13
2017-10-05T05:00:00-00:00,2017-10-04,22,0,CPESCNDO_7_A1,CPESCNDO_7_A1,CPESCNDO_7_A1,DAM,LMP,LMP_PRC,CPESCNDO_7_A1,ALL,1,40.23211,13
2017-10-04T10:00:00-00:00,2017-10-04,3,0,CPESCNDO_7_A1,CPESCNDO_7_A1,CPESCNDO_7_A1,DAM,LMP,LMP_PRC,CPESCNDO_7_A1,ALL,1,27.404590000000002,13
2017-10-04T18:00:00-00:00,2017-10-04,11,0,CPESCNDO_7_A1,CPESCNDO_7_A1,CPESCNDO_7_A1,DAM,LMP,LMP_PRC,CPESCNDO_7_A1,ALL,1,34.60385,13
2017-10-05T06:00:00-00:00,2017-10-04,23,0,CPESCNDO_7_A1,CPESCNDO_7_A1,CPESCNDO_7_A1,DAM,LMP,LMP_PRC,CPESCNDO_7_A1,ALL,1,34.43799,13
2017-10-04T14:00:00-00:00,2017-10-04,7,0,CPESCNDO_7_A1,CPESCNDO_7_A1,CPESCNDO_7_A1,DAM,LMP,LMP_PRC,CPESCNDO_7_A1,ALL,1,46.0638,13
2017-10-04T19:00:00-00:00,2017-10-04,12,0,CPESCNDO_7_A1,CPESCNDO_7_A1,CPESCNDO_7_A1,DAM,LMP,LMP_PRC,CPESCNDO_7_A1,ALL,1,39.078379999999996,13
2017-10-04T22:00:00-00:00,2017-10-04,15,0,CPESCNDO_7_A1,CPESCNDO_7_A1,CPESCNDO_7_A1,DAM,LMP,LMP_PRC,CPESCNDO_7_A1,ALL,1,33.69531,13
2017-10-04T08:00:00-00:00,2017-10-04,1,0,CPESCNDO_7_A1,CPESCNDO_7_A1,CPESCNDO_7_A1,DAM,LMP,LMP_PRC,CPESCNDO_7_A1,ALL,1,28.34135,13
2017-10-05T00:00:00-00:00,2017-10-04,17,0,CPESCNDO_7_A1,CPESCNDO_7_A1,CPESCNDO_7_A1,DAM,LMP,LMP_PRC,CPESCNDO_7_A1,ALL,1,31.609270000000002,13
2017-10-05T04:00:00-00:00,2017-10-04,21,0,CPESCNDO_7_A1,CPESCNDO_7_A1,CPESCNDO_7_A1,DAM,LMP,LMP_PRC,CPESCNDO_7_A1,ALL,1,48.03405,13
2017-10-04T09:00:00-00:00,2017-10-04,2,0,CPESCNDO_7_A1,CPESCNDO_7_A1,CPESCNDO_7_A1,DAM,LMP,LMP_PRC,CPESCNDO_7_A1,ALL,1,27.881870000000003,13
2017-10-04T17:00:00-00:00,2017-10-04,10,0,CPESCNDO_7_A1,CPESCNDO_7_A1,CPESCNDO_7_A1,DAM,LMP,LMP_PRC,CPESCNDO_7_A1,ALL,1,39.87655,13
2017-10-04T23:00:00-00:00,2017-10-04,16,0,CPESCNDO_7_A1,CPESCNDO_7_A1,CPESCNDO_7_A1,DAM,LMP,LMP_PRC,CPESCNDO_7_A1,ALL,1,32.645109999999995,13
2017-10-05T01:00:00-00:00,2017-10-04,18,0,CPESCNDO_7_A1,CPESCNDO_7_A1,CPESCNDO_7_A1,DAM,LMP,LMP_PRC,CPESCNDO_7_A1,ALL,1,45.60393,13
2017-10-04T15:00:00-00:00,2017-10-04,8,0,CPESCNDO_7_A1,CPESCNDO_7_A1,CPESCNDO_7_A1,DAM,LMP,LMP_PRC,CPESCNDO_7_A1,ALL,1,47.07653,13
2017-10-04T16:00:00-00:00,2017-10-04,9,0,CPESCNDO_7_A1,CPESCNDO_7_A1,CPESCNDO_7_A1,DAM,LMP,LMP_PRC,CPESCNDO_7_A1,ALL,1,37.586529999999996,13
2017-10-04T11:00:00-00:00,2017-10-04,4,0,CPESCNDO_7_A1,CPESCNDO_7_A1,CPESCNDO_7_A1,DAM,LMP,LMP_PRC,CPESCNDO_7_A1,ALL,1,27.331359999999997,13
2017-10-04T21:00:00-00:00,2017-10-04,14,0,CPESCNDO_7_A1,CPESCNDO_7_A1,CPESCNDO_7_A1,DAM,LMP,LMP_PRC,CPESCNDO_7_A1,ALL,1,35.54408,13
2017-10-05T07:00:00-00:00,2017-10-04,24,0,CPESCNDO_7_A1,CPESCNDO_7_A1,CPESCNDO_7_A1,DAM,LMP,LMP_PRC,CPESCNDO_7_A1,ALL,1,30.773090000000003,13
2017-10-04T12:00:00-00:00,2017-10-04,5,0,CPESCNDO_7_A1,CPESCNDO_7_A1,CPESCNDO_7_A1,DAM,LMP,LMP_PRC,CPESCNDO_7_A1,ALL,1,28.2688,13
2017-10-05T02:00:00-00:00,2017-10-04,19,0,CPESCNDO_7_A1,CPESCNDO_7_A1,CPESCNDO_7_A1,DAM,LMP,LMP_PRC,CPESCNDO_7_A1,ALL,1,56.46471999999999,13
2017-10-05T08:00:00-00:00,2017-10-05,1,0,CPESCNDO_7_A1,CPESCNDO_7_A1,CPESCNDO_7_A1,DAM,LMP,LMP_PRC,CPESCNDO_7_A1,ALL,1,29.80658,17
2017-10-05T20:00:00-00:00,2017-10-05,13,0,CPESCNDO_7_A1,CPESCNDO_7_A1,CPESCNDO_7_A1,DAM,LMP,LMP_PRC,CPESCNDO_7_A1,ALL,1,38.67855,17
2017-10-05T14:00:00-00:00,2017-10-05,7,0,CPESCNDO_7_A1,CPESCNDO_7_A1,CPESCNDO_7_A1,DAM,LMP,LMP_PRC,CPESCNDO_7_A1,ALL,1,41.488659999999996,17
2017-10-05T23:00:00-00:00,2017-10-05,16,0,CPESCNDO_7_A1,CPESCNDO_7_A1,CPESCNDO_7_A1,DAM,LMP,LMP_PRC,CPESCNDO_7_A1,ALL,1,37.399609999999996,17
2017-10-05T11:00:00-00:00,2017-10-05,4,0,CPESCNDO_7_A1,CPESCNDO_7_A1,CPESCNDO_7_A1,DAM,LMP,LMP_PRC,CPESCNDO_7_A1,ALL,1,27.690890000000003,17
2017-10-06T03:00:00-00:00,2017-10-05,20,0,CPESCNDO_7_A1,CPESCNDO_7_A1,CPESCNDO_7_A1,DAM,LMP,LMP_PRC,CPESCNDO_7_A1,ALL,1,66.67412,17
2017-10-06T02:00:00-00:00,2017-10-05,19,0,CPESCNDO_7_A1,CPESCNDO_7_A1,CPESCNDO_7_A1,DAM,LMP,LMP_PRC,CPESCNDO_7_A1,ALL,1,60.86088,17
2017-10-05T16:00:00-00:00,2017-10-05,9,0,CPESCNDO_7_A1,CPESCNDO_7_A1,CPESCNDO_7_A1,DAM,LMP,LMP_PRC,CPESCNDO_7_A1,ALL,1,35.08582,17
2017-10-05T21:00:00-00:00,2017-10-05,14,0,CPESCNDO_7_A1,CPESCNDO_7_A1,CPESCNDO_7_A1,DAM,LMP,LMP_PRC,CPESCNDO_7_A1,ALL,1,35.45486,17
2017-10-05T18:00:00-00:00,2017-10-05,11,0,CPESCNDO_7_A1,CPESCNDO_7_A1,CPESCNDO_7_A1,DAM,LMP,LMP_PRC,CPESCNDO_7_A1,ALL,1,37.23254,17
2017-10-05T13:00:00-00:00,2017-10-05,6,0,CPESCNDO_7_A1,CPESCNDO_7_A1,CPESCNDO_7_A1,DAM,LMP,LMP_PRC,CPESCNDO_7_A1,ALL,1,31.7402,17
2017-10-05T10:00:00-00:00,2017-10-05,3,0,CPESCNDO_7_A1,CPESCNDO_7_A1,CPESCNDO_7_A1,DAM,LMP,LMP_PRC,CPESCNDO_7_A1,ALL,1,27.82783,17
2017-10-06T05:00:00-00:00,2017-10-05,22,0,CPESCNDO_7_A1,CPESCNDO_7_A1,CPESCNDO_7_A1,DAM,LMP,LMP_PRC,CPESCNDO_7_A1,ALL,1,40.99563,17
2017-10-05T12:00:00-00:00,2017-10-05,5,0,CPESCNDO_7_A1,CPESCNDO_7_A1,CPESCNDO_7_A1,DAM,LMP,LMP_PRC,CPESCNDO_7_A1,ALL,1,28.29205,17
2017-10-05T09:00:00-00:00,2017-10-05,2,0,CPESCNDO_7_A1,CPESCNDO_7_A1,CPESCNDO_7_A1,DAM,LMP,LMP_PRC,CPESCNDO_7_A1,ALL,1,28.28197,17
2017-10-06T04:00:00-00:00,2017-10-05,21,0,CPESCNDO_7_A1,CPESCNDO_7_A1,CPESCNDO_7_A1,DAM,LMP,LMP_PRC,CPESCNDO_7_A1,ALL,1,49.03018,17
2017-10-06T01:00:00-00:00,2017-10-05,18,0,CPESCNDO_7_A1,CPESCNDO_7_A1,CPESCNDO_7_A1,DAM,LMP,LMP_PRC,CPESCNDO_7_A1,ALL,1,46.36851,17
2017-10-05T19:00:00-00:00,2017-10-05,12,0,CPESCNDO_7_A1,CPESCNDO_7_A1,CPESCNDO_7_A1,DAM,LMP,LMP_PRC,CPESCNDO_7_A1,ALL,1,33.984970000000004,17
2017-10-05T15:00:00-00:00,2017-10-05,8,0,CPESCNDO_7_A1,CPESCNDO_7_A1,CPESCNDO_7_A1,DAM,LMP,LMP_PRC,CPESCNDO_7_A1,ALL,1,42.18808,17
2017-10-06T07:00:00-00:00,2017-10-05,24,0,CPESCNDO_7_A1,CPESCNDO_7_A1,CPESCNDO_7_A1,DAM,LMP,LMP_PRC,CPESCNDO_7_A1,ALL,1,31.254820000000002,17
2017-10-06T06:00:00-00:00,2017-10-05,23,0,CPESCNDO_7_A1,CPESCNDO_7_A1,CPESCNDO_7_A1,DAM,LMP,LMP_PRC,CPESCNDO_7_A1,ALL,1,34.62263,17
2017-10-06T00:00:00-00:00,2017-10-05,17,0,CPESCNDO_7_A1,CPESCNDO_7_A1,CPESCNDO_7_A1,DAM,LMP,LMP_PRC,CPESCNDO_7_A1,ALL,1,36.9921,17
2017-10-05T22:00:00-00:00,2017-10-05,15,0,CPESCNDO_7_A1,CPESCNDO_7_A1,CPESCNDO_7_A1,DAM,LMP,LMP_PRC,CPESCNDO_7_A1,ALL,1,38.38146,17
2017-10-05T17:00:00-00:00,2017-10-05,10,0,CPESCNDO_7_A1,CPESCNDO_7_A1,CPESCNDO_7_A1,DAM,LMP,LMP_PRC,CPESCNDO_7_A1,ALL,1,34.856190000000005,17
2017-10-06T08:00:00-00:00,2017-10-06,1,0,CPESCNDO_7_A1,CPESCNDO_7_A1,CPESCNDO_7_A1,DAM,LMP,LMP_PRC,CPESCNDO_7_A1,ALL,1,28.987009999999998,21
2017-10-06T20:00:00-00:00,2017-10-06,13,0,CPESCNDO_7_A1,CPESCNDO_7_A1,CPESCNDO_7_A1,DAM,LMP,LMP_PRC,CPESCNDO_7_A1,ALL,1,32.69702,21
2017-10-06T10:00:00-00:00,2017-10-06,3,0,CPESCNDO_7_A1,CPESCNDO_7_A1,CPESCNDO_7_A1,DAM,LMP,LMP_PRC,CPESCNDO_7_A1,ALL,1,27.7618,21
2017-10-07T00:00:00-00:00,2017-10-06,17,0,CPESCNDO_7_A1,CPESCNDO_7_A1,CPESCNDO_7_A1,DAM,LMP,LMP_PRC,CPESCNDO_7_A1,ALL,1,38.27414,21
2017-10-06T12:00:00-00:00,2017-10-06,5,0,CPESCNDO_7_A1,CPESCNDO_7_A1,CPESCNDO_7_A1,DAM,LMP,LMP_PRC,CPESCNDO_7_A1,ALL,1,28.089140000000004,21
2017-10-06T15:00:00-00:00,2017-10-06,8,0,CPESCNDO_7_A1,CPESCNDO_7_A1,CPESCNDO_7_A1,DAM,LMP,LMP_PRC,CPESCNDO_7_A1,ALL,1,39.78001,21
2017-10-07T07:00:00-00:00,2017-10-06,24,0,CPESCNDO_7_A1,CPESCNDO_7_A1,CPESCNDO_7_A1,DAM,LMP,LMP_PRC,CPESCNDO_7_A1,ALL,1,32.934290000000004,21
2017-10-07T02:00:00-00:00,2017-10-06,19,0,CPESCNDO_7_A1,CPESCNDO_7_A1,CPESCNDO_7_A1,DAM,LMP,LMP_PRC,CPESCNDO_7_A1,ALL,1,72.1339,21
2017-10-06T21:00:00-00:00,2017-10-06,14,0,CPESCNDO_7_A1,CPESCNDO_7_A1,CPESCNDO_7_A1,DAM,LMP,LMP_PRC,CPESCNDO_7_A1,ALL,1,31.37507,21
2017-10-06T19:00:00-00:00,2017-10-06,12,0,CPESCNDO_7_A1,CPESCNDO_7_A1,CPESCNDO_7_A1,DAM,LMP,LMP_PRC,CPESCNDO_7_A1,ALL,1,27.313309999999998,21
2017-10-06T18:00:00-00:00,2017-10-06,11,0,CPESCNDO_7_A1,CPESCNDO_7_A1,CPESCNDO_7_A1,DAM,LMP,LMP_PRC,CPESCNDO_7_A1,ALL,1,23.87105,21
2017-10-06T22:00:00-00:00,2017-10-06,15,0,CPESCNDO_7_A1,CPESCNDO_7_A1,CPESCNDO_7_A1,DAM,LMP,LMP_PRC,CPESCNDO_7_A1,ALL,1,32.7577,21
2017-10-06T16:00:00-00:00,2017-10-06,9,0,CPESCNDO_7_A1,CPESCNDO_7_A1,CPESCNDO_7_A1,DAM,LMP,LMP_PRC,CPESCNDO_7_A1,ALL,1,38.04197,21
2017-10-06T14:00:00-00:00,2017-10-06,7,0,CPESCNDO_7_A1,CPESCNDO_7_A1,CPESCNDO_7_A1,DAM,LMP,LMP_PRC,CPESCNDO_7_A1,ALL,1,40.11614,21
2017-10-07T05:00:00-00:00,2017-10-06,22,0,CPESCNDO_7_A1,CPESCNDO_7_A1,CPESCNDO_7_A1,DAM,LMP,LMP_PRC,CPESCNDO_7_A1,ALL,1,43.05705,21
2017-10-07T03:00:00-00:00,2017-10-06,20,0,CPESCNDO_7_A1,CPESCNDO_7_A1,CPESCNDO_7_A1,DAM,LMP,LMP_PRC,CPESCNDO_7_A1,ALL,1,65.53871,21
2017-10-06T09:00:00-00:00,2017-10-06,2,0,CPESCNDO_7_A1,CPESCNDO_7_A1,CPESCNDO_7_A1,DAM,LMP,LMP_PRC,CPESCNDO_7_A1,ALL,1,27.824309999999997,21
2017-10-07T06:00:00-00:00,2017-10-06,23,0,CPESCNDO_7_A1,CPESCNDO_7_A1,CPESCNDO_7_A1,DAM,LMP,LMP_PRC,CPESCNDO_7_A1,ALL,1,36.107409999999994,21
2017-10-07T01:00:00-00:00,2017-10-06,18,0,CPESCNDO_7_A1,CPESCNDO_7_A1,CPESCNDO_7_A1,DAM,LMP,LMP_PRC,CPESCNDO_7_A1,ALL,1,53.52045,21
2017-10-06T17:00:00-00:00,2017-10-06,10,0,CPESCNDO_7_A1,CPESCNDO_7_A1,CPESCNDO_7_A1,DAM,LMP,LMP_PRC,CPESCNDO_7_A1,ALL,1,27.38423,21
2017-10-06T11:00:00-00:00,2017-10-06,4,0,CPESCNDO_7_A1,CPESCNDO_7_A1,CPESCNDO_7_A1,DAM,LMP,LMP_PRC,CPESCNDO_7_A1,ALL,1,27.44097,21
2017-10-07T04:00:00-00:00,2017-10-06,21,0,CPESCNDO_7_A1,CPESCNDO_7_A1,CPESCNDO_7_A1,DAM,LMP,LMP_PRC,CPESCNDO_7_A1,ALL,1,49.70498,21
2017-10-06T23:00:00-00:00,2017-10-06,16,0,CPESCNDO_7_A1,CPESCNDO_7_A1,CPESCNDO_7_A1,DAM,LMP,LMP_PRC,CPESCNDO_7_A1,ALL,1,36.4425,21
2017-10-06T13:00:00-00:00,2017-10-06,6,0,CPESCNDO_7_A1,CPESCNDO_7_A1,CPESCNDO_7_A1,DAM,LMP,LMP_PRC,CPESCNDO_7_A1,ALL,1,31.392879999999998,21
2017-10-07T17:00:00-00:00,2017-10-07,10,0,CPESCNDO_7_A1,CPESCNDO_7_A1,CPESCNDO_7_A1,DAM,LMP,LMP_PRC,CPESCNDO_7_A1,ALL,1,20.99165,25
2017-10-07T14:00:00-00:00,2017-10-07,7,0,CPESCNDO_7_A1,CPESCNDO_7_A1,CPESCNDO_7_A1,DAM,LMP,LMP_PRC,CPESCNDO_7_A1,ALL,1,38.949740000000006,25
2017-10-08T05:00:00-00:00,2017-10-07,22,0,CPESCNDO_7_A1,CPESCNDO_7_A1,CPESCNDO_7_A1,DAM,LMP,LMP_PRC,CPESCNDO_7_A1,ALL,1,35.955020000000005,25
2017-10-08T07:00:00-00:00,2017-10-07,24,0,CPESCNDO_7_A1,CPESCNDO_7_A1,CPESCNDO_7_A1,DAM,LMP,LMP_PRC,CPESCNDO_7_A1,ALL,1,29.28335,25
2017-10-07T09:00:00-00:00,2017-10-07,2,0,CPESCNDO_7_A1,CPESCNDO_7_A1,CPESCNDO_7_A1,DAM,LMP,LMP_PRC,CPESCNDO_7_A1,ALL,1,31.47121,25
2017-10-08T00:00:00-00:00,2017-10-07,17,0,CPESCNDO_7_A1,CPESCNDO_7_A1,CPESCNDO_7_A1,DAM,LMP,LMP_PRC,CPESCNDO_7_A1,ALL,1,35.99668,25
2017-10-07T20:00:00-00:00,2017-10-07,13,0,CPESCNDO_7_A1,CPESCNDO_7_A1,CPESCNDO_7_A1,DAM,LMP,LMP_PRC,CPESCNDO_7_A1,ALL,1,26.48232,25
2017-10-07T21:00:00-00:00,2017-10-07,14,0,CPESCNDO_7_A1,CPESCNDO_7_A1,CPESCNDO_7_A1,DAM,LMP,LMP_PRC,CPESCNDO_7_A1,ALL,1,28.55388,25
2017-10-07T22:00:00-00:00,2017-10-07,15,0,CPESCNDO_7_A1,CPESCNDO_7_A1,CPESCNDO_7_A1,DAM,LMP,LMP_PRC,CPESCNDO_7_A1,ALL,1,31.486009999999997,25
2017-10-07T13:00:00-00:00,2017-10-07,6,0,CPESCNDO_7_A1,CPESCNDO_7_A1,CPESCNDO_7_A1,DAM,LMP,LMP_PRC,CPESCNDO_7_A1,ALL,1,31.83908,25
2017-10-07T16:00:00-00:00,2017-10-07,9,0,CPESCNDO_7_A1,CPESCNDO_7_A1,CPESCNDO_7_A1,DAM,LMP,LMP_PRC,CPESCNDO_7_A1,ALL,1,27.37645,25
2017-10-07T18:00:00-00:00,2017-10-07,11,0,CPESCNDO_7_A1,CPESCNDO_7_A1,CPESCNDO_7_A1,DAM,LMP,LMP_PRC,CPESCNDO_7_A1,ALL,1,20.992160000000002,25
2017-10-07T19:00:00-00:00,2017-10-07,12,0,CPESCNDO_7_A1,CPESCNDO_7_A1,CPESCNDO_7_A1,DAM,LMP,LMP_PRC,CPESCNDO_7_A1,ALL,1,25.72502,25
2017-10-08T03:00:00-00:00,2017-10-07,20,0,CPESCNDO_7_A1,CPESCNDO_7_A1,CPESCNDO_7_A1,DAM,LMP,LMP_PRC,CPESCNDO_7_A1,ALL,1,55.926680000000005,25
2017-10-08T04:00:00-00:00,2017-10-07,21,0,CPESCNDO_7_A1,CPESCNDO_7_A1,CPESCNDO_7_A1,DAM,LMP,LMP_PRC,CPESCNDO_7_A1,ALL,1,43.517590000000006,25
2017-10-08T06:00:00-00:00,2017-10-07,23,0,CPESCNDO_7_A1,CPESCNDO_7_A1,CPESCNDO_7_A1,DAM,LMP,LMP_PRC,CPESCNDO_7_A1,ALL,1,32.626999999999995,25
2017-10-07T10:00:00-00:00,2017-10-07,3,0,CPESCNDO_7_A1,CPESCNDO_7_A1,CPESCNDO_7_A1,DAM,LMP,LMP_PRC,CPESCNDO_7_A1,ALL,1,31.01326,25
2017-10-07T11:00:00-00:00,2017-10-07,4,0,CPESCNDO_7_A1,CPESCNDO_7_A1,CPESCNDO_7_A1,DAM,LMP,LMP_PRC,CPESCNDO_7_A1,ALL,1,29.323929999999997,25
2017-10-07T08:00:00-00:00,2017-10-07,1,0,CPESCNDO_7_A1,CPESCNDO_7_A1,CPESCNDO_7_A1,DAM,LMP,LMP_PRC,CPESCNDO_7_A1,ALL,1,35.25087,25
2017-10-07T15:00:00-00:00,2017-10-07,8,0,CPESCNDO_7_A1,CPESCNDO_7_A1,CPESCNDO_7_A1,DAM,LMP,LMP_PRC,CPESCNDO_7_A1,ALL,1,32.16515,25
2017-10-07T23:00:00-00:00,2017-10-07,16,0,CPESCNDO_7_A1,CPESCNDO_7_A1,CPESCNDO_7_A1,DAM,LMP,LMP_PRC,CPESCNDO_7_A1,ALL,1,32.72636,25
2017-10-08T02:00:00-00:00,2017-10-07,19,0,CPESCNDO_7_A1,CPESCNDO_7_A1,CPESCNDO_7_A1,DAM,LMP,LMP_PRC,CPESCNDO_7_A1,ALL,1,60.78079,25
2017-10-07T12:00:00-00:00,2017-10-07,5,0,CPESCNDO_7_A1,CPESCNDO_7_A1,CPESCNDO_7_A1,DAM,LMP,LMP_PRC,CPESCNDO_7_A1,ALL,1,30.2168,25
2017-10-08T01:00:00-00:00,2017-10-07,18,0,CPESCNDO_7_A1,CPESCNDO_7_A1,CPESCNDO_7_A1,DAM,LMP,LMP_PRC,CPESCNDO_7_A1,ALL,1,50.80177,25
2017-10-09T04:00:00-00:00,2017-10-08,21,0,CPESCNDO_7_A1,CPESCNDO_7_A1,CPESCNDO_7_A1,DAM,LMP,LMP_PRC,CPESCNDO_7_A1,ALL,1,43.95685,29
2017-10-09T07:00:00-00:00,2017-10-08,24,0,CPESCNDO_7_A1,CPESCNDO_7_A1,CPESCNDO_7_A1,DAM,LMP,LMP_PRC,CPESCNDO_7_A1,ALL,1,29.4189,29
2017-10-09T01:00:00-00:00,2017-10-08,18,0,CPESCNDO_7_A1,CPESCNDO_7_A1,CPESCNDO_7_A1,DAM,LMP,LMP_PRC,CPESCNDO_7_A1,ALL,1,35.8171,29
2017-10-09T05:00:00-00:00,2017-10-08,22,0,CPESCNDO_7_A1,CPESCNDO_7_A1,CPESCNDO_7_A1,DAM,LMP,LMP_PRC,CPESCNDO_7_A1,ALL,1,37.7448,29
2017-10-09T03:00:00-00:00,2017-10-08,20,0,CPESCNDO_7_A1,CPESCNDO_7_A1,CPESCNDO_7_A1,DAM,LMP,LMP_PRC,CPESCNDO_7_A1,ALL,1,55.16444,29
2017-10-08T20:00:00-00:00,2017-10-08,13,0,CPESCNDO_7_A1,CPESCNDO_7_A1,CPESCNDO_7_A1,DAM,LMP,LMP_PRC,CPESCNDO_7_A1,ALL,1,9.32682,29
2017-10-09T00:00:00-00:00,2017-10-08,17,0,CPESCNDO_7_A1,CPESCNDO_7_A1,CPESCNDO_7_A1,DAM,LMP,LMP_PRC,CPESCNDO_7_A1,ALL,1,26.672240000000002,29
2017-10-08T14:00:00-00:00,2017-10-08,7,0,CPESCNDO_7_A1,CPESCNDO_7_A1,CPESCNDO_7_A1,DAM,LMP,LMP_PRC,CPESCNDO_7_A1,ALL,1,31.67867,29
2017-10-08T21:00:00-00:00,2017-10-08,14,0,CPESCNDO_7_A1,CPESCNDO_7_A1,CPESCNDO_7_A1,DAM,LMP,LMP_PRC,CPESCNDO_7_A1,ALL,1,15.43441,29
2017-10-08T12:00:00-00:00,2017-10-08,5,0,CPESCNDO_7_A1,CPESCNDO_7_A1,CPESCNDO_7_A1,DAM,LMP,LMP_PRC,CPESCNDO_7_A1,ALL,1,28.24615,29
2017-10-08T10:00:00-00:00,2017-10-08,3,0,CPESCNDO_7_A1,CPESCNDO_7_A1,CPESCNDO_7_A1,DAM,LMP,LMP_PRC,CPESCNDO_7_A1,ALL,1,29.80775,29
2017-10-08T22:00:00-00:00,2017-10-08,15,0,CPESCNDO_7_A1,CPESCNDO_7_A1,CPESCNDO_7_A1,DAM,LMP,LMP_PRC,CPESCNDO_7_A1,ALL,1,22.449579999999997,29
2017-10-08T16:00:00-00:00,2017-10-08,9,0,CPESCNDO_7_A1,CPESCNDO_7_A1,CPESCNDO_7_A1,DAM,LMP,LMP_PRC,CPESCNDO_7_A1,ALL,1,23.716179999999998,29
2017-10-08T17:00:00-00:00,2017-10-08,10,0,CPESCNDO_7_A1,CPESCNDO_7_A1,CPESCNDO_7_A1,DAM,LMP,LMP_PRC,CPESCNDO_7_A1,ALL,1,6.21057,29
2017-10-08T11:00:00-00:00,2017-10-08,4,0,CPESCNDO_7_A1,CPESCNDO_7_A1,CPESCNDO_7_A1,DAM,LMP,LMP_PRC,CPESCNDO_7_A1,ALL,1,28.45415,29
2017-10-08T23:00:00-00:00,2017-10-08,16,0,CPESCNDO_7_A1,CPESCNDO_7_A1,CPESCNDO_7_A1,DAM,LMP,LMP_PRC,CPESCNDO_7_A1,ALL,1,23.32487,29
2017-10-08T19:00:00-00:00,2017-10-08,12,0,CPESCNDO_7_A1,CPESCNDO_7_A1,CPESCNDO_7_A1,DAM,LMP,LMP_PRC,CPESCNDO_7_A1,ALL,1,14.36465,29
2017-10-08T18:00:00-00:00,2017-10-08,11,0,CPESCNDO_7_A1,CPESCNDO_7_A1,CPESCNDO_7_A1,DAM,LMP,LMP_PRC,CPESCNDO_7_A1,ALL,1,12.082360000000001,29
2017-10-08T15:00:00-00:00,2017-10-08,8,0,CPESCNDO_7_A1,CPESCNDO_7_A1,CPESCNDO_7_A1,DAM,LMP,LMP_PRC,CPESCNDO_7_A1,ALL,1,30.203409999999998,29
2017-10-08T13:00:00-00:00,2017-10-08,6,0,CPESCNDO_7_A1,CPESCNDO_7_A1,CPESCNDO_7_A1,DAM,LMP,LMP_PRC,CPESCNDO_7_A1,ALL,1,28.92965,29
2017-10-08T08:00:00-00:00,2017-10-08,1,0,CPESCNDO_7_A1,CPESCNDO_7_A1,CPESCNDO_7_A1,DAM,LMP,LMP_PRC,CPESCNDO_7_A1,ALL,1,30.81458,29
2017-10-09T02:00:00-00:00,2017-10-08,19,0,CPESCNDO_7_A1,CPESCNDO_7_A1,CPESCNDO_7_A1,DAM,LMP,LMP_PRC,CPESCNDO_7_A1,ALL,1,52.15465,29
2017-10-09T06:00:00-00:00,2017-10-08,23,0,CPESCNDO_7_A1,CPESCNDO_7_A1,CPESCNDO_7_A1,DAM,LMP,LMP_PRC,CPESCNDO_7_A1,ALL,1,32.23406,29
2017-10-08T09:00:00-00:00,2017-10-08,2,0,CPESCNDO_7_A1,CPESCNDO_7_A1,CPESCNDO_7_A1,DAM,LMP,LMP_PRC,CPESCNDO_7_A1,ALL,1,30.7091,29
2017-10-09T21:00:00-00:00,2017-10-09,14,0,CPESCNDO_7_A1,CPESCNDO_7_A1,CPESCNDO_7_A1,DAM,LMP,LMP_PRC,CPESCNDO_7_A1,ALL,1,27.03262,33
2017-10-09T16:00:00-00:00,2017-10-09,9,0,CPESCNDO_7_A1,CPESCNDO_7_A1,CPESCNDO_7_A1,DAM,LMP,LMP_PRC,CPESCNDO_7_A1,ALL,1,29.0943,33
2017-10-10T02:00:00-00:00,2017-10-09,19,0,CPESCNDO_7_A1,CPESCNDO_7_A1,CPESCNDO_7_A1,DAM,LMP,LMP_PRC,CPESCNDO_7_A1,ALL,1,66.02095,33
2017-10-10T01:00:00-00:00,2017-10-09,18,0,CPESCNDO_7_A1,CPESCNDO_7_A1,CPESCNDO_7_A1,DAM,LMP,LMP_PRC,CPESCNDO_7_A1,ALL,1,47.599909999999994,33
2017-10-10T00:00:00-00:00,2017-10-09,17,0,CPESCNDO_7_A1,CPESCNDO_7_A1,CPESCNDO_7_A1,DAM,LMP,LMP_PRC,CPESCNDO_7_A1,ALL,1,37.04817,33
2017-10-09T14:00:00-00:00,2017-10-09,7,0,CPESCNDO_7_A1,CPESCNDO_7_A1,CPESCNDO_7_A1,DAM,LMP,LMP_PRC,CPESCNDO_7_A1,ALL,1,41.429140000000004,33
2017-10-09T12:00:00-00:00,2017-10-09,5,0,CPESCNDO_7_A1,CPESCNDO_7_A1,CPESCNDO_7_A1,DAM,LMP,LMP_PRC,CPESCNDO_7_A1,ALL,1,28.152990000000003,33
2017-10-09T18:00:00-00:00,2017-10-09,11,0,CPESCNDO_7_A1,CPESCNDO_7_A1,CPESCNDO_7_A1,DAM,LMP,LMP_PRC,CPESCNDO_7_A1,ALL,1,24.02884,33
2017-10-09T15:00:00-00:00,2017-10-09,8,0,CPESCNDO_7_A1,CPESCNDO_7_A1,CPESCNDO_7_A1,DAM,LMP,LMP_PRC,CPESCNDO_7_A1,ALL,1,43.05207,33
2017-10-09T11:00:00-00:00,2017-10-09,4,0,CPESCNDO_7_A1,CPESCNDO_7_A1,CPESCNDO_7_A1,DAM,LMP,LMP_PRC,CPESCNDO_7_A1,ALL,1,27.69936,33
2017-10-10T06:00:00-00:00,2017-10-09,23,0,CPESCNDO_7_A1,CPESCNDO_7_A1,CPESCNDO_7_A1,DAM,LMP,LMP_PRC,CPESCNDO_7_A1,ALL,1,37.854729999999996,33
2017-10-09T23:00:00-00:00,2017-10-09,16,0,CPESCNDO_7_A1,CPESCNDO_7_A1,CPESCNDO_7_A1,DAM,LMP,LMP_PRC,CPESCNDO_7_A1,ALL,1,36.75227,33
2017-10-10T07:00:00-00:00,2017-10-09,24,0,CPESCNDO_7_A1,CPESCNDO_7_A1,CPESCNDO_7_A1,DAM,LMP,LMP_PRC,CPESCNDO_7_A1,ALL,1,34.32451,33
2017-10-10T03:00:00-00:00,2017-10-09,20,0,CPESCNDO_7_A1,CPESCNDO_7_A1,CPESCNDO_7_A1,DAM,LMP,LMP_PRC,CPESCNDO_7_A1,ALL,1,67.98121,33
2017-10-09T08:00:00-00:00,2017-10-09,1,0,CPESCNDO_7_A1,CPESCNDO_7_A1,CPESCNDO_7_A1,DAM,LMP,LMP_PRC,CPESCNDO_7_A1,ALL,1,28.809340000000002,33
2017-10-10T05:00:00-00:00,2017-10-09,22,0,CPESCNDO_7_A1,CPESCNDO_7_A1,CPESCNDO_7_A1,DAM,LMP,LMP_PRC,CPESCNDO_7_A1,ALL,1,45.75482,33
2017-10-10T04:00:00-00:00,2017-10-09,21,0,CPESCNDO_7_A1,CPESCNDO_7_A1,CPESCNDO_7_A1,DAM,LMP,LMP_PRC,CPESCNDO_7_A1,ALL,1,53.51756999999999,33
2017-10-09T22:00:00-00:00,2017-10-09,15,0,CPESCNDO_7_A1,CPESCNDO_7_A1,CPESCNDO_7_A1,DAM,LMP,LMP_PRC,CPESCNDO_7_A1,ALL,1,30.403470000000002,33
2017-10-09T19:00:00-00:00,2017-10-09,12,0,CPESCNDO_7_A1,CPESCNDO_7_A1,CPESCNDO_7_A1,DAM,LMP,LMP_PRC,CPESCNDO_7_A1,ALL,1,23.15687,33
2017-10-09T13:00:00-00:00,2017-10-09,6,0,CPESCNDO_7_A1,CPESCNDO_7_A1,CPESCNDO_7_A1,DAM,LMP,LMP_PRC,CPESCNDO_7_A1,ALL,1,32.033570000000005,33
2017-10-09T10:00:00-00:00,2017-10-09,3,0,CPESCNDO_7_A1,CPESCNDO_7_A1,CPESCNDO_7_A1,DAM,LMP,LMP_PRC,CPESCNDO_7_A1,ALL,1,27.89402,33
2017-10-09T09:00:00-00:00,2017-10-09,2,0,CPESCNDO_7_A1,CPESCNDO_7_A1,CPESCNDO_7_A1,DAM,LMP,LMP_PRC,CPESCNDO_7_A1,ALL,1,27.79818,33
2017-10-09T20:00:00-00:00,2017-10-09,13,0,CPESCNDO_7_A1,CPESCNDO_7_A1,CPESCNDO_7_A1,DAM,LMP,LMP_PRC,CPESCNDO_7_A1,ALL,1,25.84965,33
2017-10-09T17:00:00-00:00,2017-10-09,10,0,CPESCNDO_7_A1,CPESCNDO_7_A1,CPESCNDO_7_A1,DAM,LMP,LMP_PRC,CPESCNDO_7_A1,ALL,1,24.39003,33
2017-10-11T06:00:00-00:00,2017-10-10,23,0,CPESCNDO_7_A1,CPESCNDO_7_A1,CPESCNDO_7_A1,DAM,LMP,LMP_PRC,CPESCNDO_7_A1,ALL,1,39.25336,37
2017-10-10T16:00:00-00:00,2017-10-10,9,0,CPESCNDO_7_A1,CPESCNDO_7_A1,CPESCNDO_7_A1,DAM,LMP,LMP_PRC,CPESCNDO_7_A1,ALL,1,29.298240000000003,37
2017-10-11T07:00:00-00:00,2017-10-10,24,0,CPESCNDO_7_A1,CPESCNDO_7_A1,CPESCNDO_7_A1,DAM,LMP,LMP_PRC,CPESCNDO_7_A1,ALL,1,34.19828,37
2017-10-11T02:00:00-00:00,2017-10-10,19,0,CPESCNDO_7_A1,CPESCNDO_7_A1,CPESCNDO_7_A1,DAM,LMP,LMP_PRC,CPESCNDO_7_A1,ALL,1,71.30595,37
2017-10-10T17:00:00-00:00,2017-10-10,10,0,CPESCNDO_7_A1,CPESCNDO_7_A1,CPESCNDO_7_A1,DAM,LMP,LMP_PRC,CPESCNDO_7_A1,ALL,1,24.68161,37
2017-10-10T14:00:00-00:00,2017-10-10,7,0,CPESCNDO_7_A1,CPESCNDO_7_A1,CPESCNDO_7_A1,DAM,LMP,LMP_PRC,CPESCNDO_7_A1,ALL,1,41.51896,37
2017-10-11T05:00:00-00:00,2017-10-10,22,0,CPESCNDO_7_A1,CPESCNDO_7_A1,CPESCNDO_7_A1,DAM,LMP,LMP_PRC,CPESCNDO_7_A1,ALL,1,47.88301,37
2017-10-11T04:00:00-00:00,2017-10-10,21,0,CPESCNDO_7_A1,CPESCNDO_7_A1,CPESCNDO_7_A1,DAM,LMP,LMP_PRC,CPESCNDO_7_A1,ALL,1,57.15939,37
2017-10-10T13:00:00-00:00,2017-10-10,6,0,CPESCNDO_7_A1,CPESCNDO_7_A1,CPESCNDO_7_A1,DAM,LMP,LMP_PRC,CPESCNDO_7_A1,ALL,1,33.928059999999995,37
2017-10-10T12:00:00-00:00,2017-10-10,5,0,CPESCNDO_7_A1,CPESCNDO_7_A1,CPESCNDO_7_A1,DAM,LMP,LMP_PRC,CPESCNDO_7_A1,ALL,1,29.724040000000002,37
2017-10-10T11:00:00-00:00,2017-10-10,4,0,CPESCNDO_7_A1,CPESCNDO_7_A1,CPESCNDO_7_A1,DAM,LMP,LMP_PRC,CPESCNDO_7_A1,ALL,1,28.651659999999996,37
2017-10-11T03:00:00-00:00,2017-10-10,20,0,CPESCNDO_7_A1,CPESCNDO_7_A1,CPESCNDO_7_A1,DAM,LMP,LMP_PRC,CPESCNDO_7_A1,ALL,1,71.97886,37
2017-10-10T23:00:00-00:00,2017-10-10,16,0,CPESCNDO_7_A1,CPESCNDO_7_A1,CPESCNDO_7_A1,DAM,LMP,LMP_PRC,CPESCNDO_7_A1,ALL,1,35.90805,37
2017-10-10T20:00:00-00:00,2017-10-10,13,0,CPESCNDO_7_A1,CPESCNDO_7_A1,CPESCNDO_7_A1,DAM,LMP,LMP_PRC,CPESCNDO_7_A1,ALL,1,26.71104,37
2017-10-10T18:00:00-00:00,2017-10-10,11,0,CPESCNDO_7_A1,CPESCNDO_7_A1,CPESCNDO_7_A1,DAM,LMP,LMP_PRC,CPESCNDO_7_A1,ALL,1,23.26786,37
2017-10-10T21:00:00-00:00,2017-10-10,14,0,CPESCNDO_7_A1,CPESCNDO_7_A1,CPESCNDO_7_A1,DAM,LMP,LMP_PRC,CPESCNDO_7_A1,ALL,1,29.37777,37
2017-10-10T19:00:00-00:00,2017-10-10,12,0,CPESCNDO_7_A1,CPESCNDO_7_A1,CPESCNDO_7_A1,DAM,LMP,LMP_PRC,CPESCNDO_7_A1,ALL,1,23.99073,37
2017-10-10T09:00:00-00:00,2017-10-10,2,0,CPESCNDO_7_A1,CPESCNDO_7_A1,CPESCNDO_7_A1,DAM,LMP,LMP_PRC,CPESCNDO_7_A1,ALL,1,30.1459,37
2017-10-10T08:00:00-00:00,2017-10-10,1,0,CPESCNDO_7_A1,CPESCNDO_7_A1,CPESCNDO_7_A1,DAM,LMP,LMP_PRC,CPESCNDO_7_A1,ALL,1,34.28548,37
2017-10-11T00:00:00-00:00,2017-10-10,17,0,CPESCNDO_7_A1,CPESCNDO_7_A1,CPESCNDO_7_A1,DAM,LMP,LMP_PRC,CPESCNDO_7_A1,ALL,1,37.86886,37
2017-10-11T01:00:00-00:00,2017-10-10,18,0,CPESCNDO_7_A1,CPESCNDO_7_A1,CPESCNDO_7_A1,DAM,LMP,LMP_PRC,CPESCNDO_7_A1,ALL,1,51.44721,37
2017-10-10T22:00:00-00:00,2017-10-10,15,0,CPESCNDO_7_A1,CPESCNDO_7_A1,CPESCNDO_7_A1,DAM,LMP,LMP_PRC,CPESCNDO_7_A1,ALL,1,29.99595,37
2017-10-10T15:00:00-00:00,2017-10-10,8,0,CPESCNDO_7_A1,CPESCNDO_7_A1,CPESCNDO_7_A1,DAM,LMP,LMP_PRC,CPESCNDO_7_A1,ALL,1,42.5587,37
2017-10-10T10:00:00-00:00,2017-10-10,3,0,CPESCNDO_7_A1,CPESCNDO_7_A1,CPESCNDO_7_A1,DAM,LMP,LMP_PRC,CPESCNDO_7_A1,ALL,1,28.80622,37
2017-10-11T20:00:00-00:00,2017-10-11,13,0,CPESCNDO_7_A1,CPESCNDO_7_A1,CPESCNDO_7_A1,DAM,LMP,LMP_PRC,CPESCNDO_7_A1,ALL,1,31.188959999999998,41
2017-10-11T21:00:00-00:00,2017-10-11,14,0,CPESCNDO_7_A1,CPESCNDO_7_A1,CPESCNDO_7_A1,DAM,LMP,LMP_PRC,CPESCNDO_7_A1,ALL,1,33.3924,41
2017-10-12T01:00:00-00:00,2017-10-11,18,0,CPESCNDO_7_A1,CPESCNDO_7_A1,CPESCNDO_7_A1,DAM,LMP,LMP_PRC,CPESCNDO_7_A1,ALL,1,47.61724,41
2017-10-11T16:00:00-00:00,2017-10-11,9,0,CPESCNDO_7_A1,CPESCNDO_7_A1,CPESCNDO_7_A1,DAM,LMP,LMP_PRC,CPESCNDO_7_A1,ALL,1,36.6196,41
2017-10-11T11:00:00-00:00,2017-10-11,4,0,CPESCNDO_7_A1,CPESCNDO_7_A1,CPESCNDO_7_A1,DAM,LMP,LMP_PRC,CPESCNDO_7_A1,ALL,1,27.8654,41
2017-10-12T05:00:00-00:00,2017-10-11,22,0,CPESCNDO_7_A1,CPESCNDO_7_A1,CPESCNDO_7_A1,DAM,LMP,LMP_PRC,CPESCNDO_7_A1,ALL,1,41.68926,41
2017-10-11T12:00:00-00:00,2017-10-11,5,0,CPESCNDO_7_A1,CPESCNDO_7_A1,CPESCNDO_7_A1,DAM,LMP,LMP_PRC,CPESCNDO_7_A1,ALL,1,27.947409999999998,41
2017-10-11T15:00:00-00:00,2017-10-11,8,0,CPESCNDO_7_A1,CPESCNDO_7_A1,CPESCNDO_7_A1,DAM,LMP,LMP_PRC,CPESCNDO_7_A1,ALL,1,47.19226,41
2017-10-11T09:00:00-00:00,2017-10-11,2,0,CPESCNDO_7_A1,CPESCNDO_7_A1,CPESCNDO_7_A1,DAM,LMP,LMP_PRC,CPESCNDO_7_A1,ALL,1,28.766890000000004,41
2017-10-11T17:00:00-00:00,2017-10-11,10,0,CPESCNDO_7_A1,CPESCNDO_7_A1,CPESCNDO_7_A1,DAM,LMP,LMP_PRC,CPESCNDO_7_A1,ALL,1,33.22097,41
2017-10-12T07:00:00-00:00,2017-10-11,24,0,CPESCNDO_7_A1,CPESCNDO_7_A1,CPESCNDO_7_A1,DAM,LMP,LMP_PRC,CPESCNDO_7_A1,ALL,1,31.0098,41
2017-10-12T00:00:00-00:00,2017-10-11,17,0,CPESCNDO_7_A1,CPESCNDO_7_A1,CPESCNDO_7_A1,DAM,LMP,LMP_PRC,CPESCNDO_7_A1,ALL,1,37.67138,41
2017-10-11T23:00:00-00:00,2017-10-11,16,0,CPESCNDO_7_A1,CPESCNDO_7_A1,CPESCNDO_7_A1,DAM,LMP,LMP_PRC,CPESCNDO_7_A1,ALL,1,38.2296,41
2017-10-11T19:00:00-00:00,2017-10-11,12,0,CPESCNDO_7_A1,CPESCNDO_7_A1,CPESCNDO_7_A1,DAM,LMP,LMP_PRC,CPESCNDO_7_A1,ALL,1,31.932609999999997,41
2017-10-11T18:00:00-00:00,2017-10-11,11,0,CPESCNDO_7_A1,CPESCNDO_7_A1,CPESCNDO_7_A1,DAM,LMP,LMP_PRC,CPESCNDO_7_A1,ALL,1,31.244090000000003,41
2017-10-11T10:00:00-00:00,2017-10-11,3,0,CPESCNDO_7_A1,CPESCNDO_7_A1,CPESCNDO_7_A1,DAM,LMP,LMP_PRC,CPESCNDO_7_A1,ALL,1,27.833959999999998,41
2017-10-11T14:00:00-00:00,2017-10-11,7,0,CPESCNDO_7_A1,CPESCNDO_7_A1,CPESCNDO_7_A1,DAM,LMP,LMP_PRC,CPESCNDO_7_A1,ALL,1,42.352740000000004,41
2017-10-12T04:00:00-00:00,2017-10-11,21,0,CPESCNDO_7_A1,CPESCNDO_7_A1,CPESCNDO_7_A1,DAM,LMP,LMP_PRC,CPESCNDO_7_A1,ALL,1,48.59252,41
2017-10-12T03:00:00-00:00,2017-10-11,20,0,CPESCNDO_7_A1,CPESCNDO_7_A1,CPESCNDO_7_A1,DAM,LMP,LMP_PRC,CPESCNDO_7_A1,ALL,1,63.31029,41
2017-10-11T08:00:00-00:00,2017-10-11,1,0,CPESCNDO_7_A1,CPESCNDO_7_A1,CPESCNDO_7_A1,DAM,LMP,LMP_PRC,CPESCNDO_7_A1,ALL,1,30.484679999999997,41
2017-10-12T06:00:00-00:00,2017-10-11,23,0,CPESCNDO_7_A1,CPESCNDO_7_A1,CPESCNDO_7_A1,DAM,LMP,LMP_PRC,CPESCNDO_7_A1,ALL,1,33.81048,41
2017-10-11T22:00:00-00:00,2017-10-11,15,0,CPESCNDO_7_A1,CPESCNDO_7_A1,CPESCNDO_7_A1,DAM,LMP,LMP_PRC,CPESCNDO_7_A1,ALL,1,39.73455,41
2017-10-12T02:00:00-00:00,2017-10-11,19,0,CPESCNDO_7_A1,CPESCNDO_7_A1,CPESCNDO_7_A1,DAM,LMP,LMP_PRC,CPESCNDO_7_A1,ALL,1,59.68605,41
2017-10-11T13:00:00-00:00,2017-10-11,6,0,CPESCNDO_7_A1,CPESCNDO_7_A1,CPESCNDO_7_A1,DAM,LMP,LMP_PRC,CPESCNDO_7_A1,ALL,1,31.692059999999998,41
2017-10-13T05:00:00-00:00,2017-10-12,22,0,CPESCNDO_7_A1,CPESCNDO_7_A1,CPESCNDO_7_A1,DAM,LMP,LMP_PRC,CPESCNDO_7_A1,ALL,1,41.08286,45
2017-10-12T10:00:00-00:00,2017-10-12,3,0,CPESCNDO_7_A1,CPESCNDO_7_A1,CPESCNDO_7_A1,DAM,LMP,LMP_PRC,CPESCNDO_7_A1,ALL,1,27.63232,45
2017-10-12T21:00:00-00:00,2017-10-12,14,0,CPESCNDO_7_A1,CPESCNDO_7_A1,CPESCNDO_7_A1,DAM,LMP,LMP_PRC,CPESCNDO_7_A1,ALL,1,32.38902,45
2017-10-12T22:00:00-00:00,2017-10-12,15,0,CPESCNDO_7_A1,CPESCNDO_7_A1,CPESCNDO_7_A1,DAM,LMP,LMP_PRC,CPESCNDO_7_A1,ALL,1,30.867490000000004,45
2017-10-13T03:00:00-00:00,2017-10-12,20,0,CPESCNDO_7_A1,CPESCNDO_7_A1,CPESCNDO_7_A1,DAM,LMP,LMP_PRC,CPESCNDO_7_A1,ALL,1,52.77615,45
2017-10-13T04:00:00-00:00,2017-10-12,21,0,CPESCNDO_7_A1,CPESCNDO_7_A1,CPESCNDO_7_A1,DAM,LMP,LMP_PRC,CPESCNDO_7_A1,ALL,1,47.02789,45
2017-10-12T13:00:00-00:00,2017-10-12,6,0,CPESCNDO_7_A1,CPESCNDO_7_A1,CPESCNDO_7_A1,DAM,LMP,LMP_PRC,CPESCNDO_7_A1,ALL,1,32.78865,45
2017-10-12T15:00:00-00:00,2017-10-12,8,0,CPESCNDO_7_A1,CPESCNDO_7_A1,CPESCNDO_7_A1,DAM,LMP,LMP_PRC,CPESCNDO_7_A1,ALL,1,51.06268,45
2017-10-12T17:00:00-00:00,2017-10-12,10,0,CPESCNDO_7_A1,CPESCNDO_7_A1,CPESCNDO_7_A1,DAM,LMP,LMP_PRC,CPESCNDO_7_A1,ALL,1,37.34944,45
2017-10-12T18:00:00-00:00,2017-10-12,11,0,CPESCNDO_7_A1,CPESCNDO_7_A1,CPESCNDO_7_A1,DAM,LMP,LMP_PRC,CPESCNDO_7_A1,ALL,1,30.40731,45
2017-10-12T19:00:00-00:00,2017-10-12,12,0,CPESCNDO_7_A1,CPESCNDO_7_A1,CPESCNDO_7_A1,DAM,LMP,LMP_PRC,CPESCNDO_7_A1,ALL,1,30.173659999999998,45
2017-10-12T20:00:00-00:00,2017-10-12,13,0,CPESCNDO_7_A1,CPESCNDO_7_A1,CPESCNDO_7_A1,DAM,LMP,LMP_PRC,CPESCNDO_7_A1,ALL,1,31.44884,45
2017-10-13T00:00:00-00:00,2017-10-12,17,0,CPESCNDO_7_A1,CPESCNDO_7_A1,CPESCNDO_7_A1,DAM,LMP,LMP_PRC,CPESCNDO_7_A1,ALL,1,31.091520000000003,45
2017-10-13T06:00:00-00:00,2017-10-12,23,0,CPESCNDO_7_A1,CPESCNDO_7_A1,CPESCNDO_7_A1,DAM,LMP,LMP_PRC,CPESCNDO_7_A1,ALL,1,35.22872,45
2017-10-12T14:00:00-00:00,2017-10-12,7,0,CPESCNDO_7_A1,CPESCNDO_7_A1,CPESCNDO_7_A1,DAM,LMP,LMP_PRC,CPESCNDO_7_A1,ALL,1,41.8033,45
2017-10-12T23:00:00-00:00,2017-10-12,16,0,CPESCNDO_7_A1,CPESCNDO_7_A1,CPESCNDO_7_A1,DAM,LMP,LMP_PRC,CPESCNDO_7_A1,ALL,1,29.67809,45
2017-10-12T09:00:00-00:00,2017-10-12,2,0,CPESCNDO_7_A1,CPESCNDO_7_A1,CPESCNDO_7_A1,DAM,LMP,LMP_PRC,CPESCNDO_7_A1,ALL,1,28.21732,45
2017-10-12T12:00:00-00:00,2017-10-12,5,0,CPESCNDO_7_A1,CPESCNDO_7_A1,CPESCNDO_7_A1,DAM,LMP,LMP_PRC,CPESCNDO_7_A1,ALL,1,28.18662,45
2017-10-13T01:00:00-00:00,2017-10-12,18,0,CPESCNDO_7_A1,CPESCNDO_7_A1,CPESCNDO_7_A1,DAM,LMP,LMP_PRC,CPESCNDO_7_A1,ALL,1,43.15838,45
2017-10-12T08:00:00-00:00,2017-10-12,1,0,CPESCNDO_7_A1,CPESCNDO_7_A1,CPESCNDO_7_A1,DAM,LMP,LMP_PRC,CPESCNDO_7_A1,ALL,1,29.0196,45
2017-10-12T11:00:00-00:00,2017-10-12,4,0,CPESCNDO_7_A1,CPESCNDO_7_A1,CPESCNDO_7_A1,DAM,LMP,LMP_PRC,CPESCNDO_7_A1,ALL,1,27.652790000000003,45
2017-10-12T16:00:00-00:00,2017-10-12,9,0,CPESCNDO_7_A1,CPESCNDO_7_A1,CPESCNDO_7_A1,DAM,LMP,LMP_PRC,CPESCNDO_7_A1,ALL,1,41.513040000000004,45
2017-10-13T02:00:00-00:00,2017-10-12,19,0,CPESCNDO_7_A1,CPESCNDO_7_A1,CPESCNDO_7_A1,DAM,LMP,LMP_PRC,CPESCNDO_7_A1,ALL,1,51.7836,45
2017-10-13T07:00:00-00:00,2017-10-12,24,0,CPESCNDO_7_A1,CPESCNDO_7_A1,CPESCNDO_7_A1,DAM,LMP,LMP_PRC,CPESCNDO_7_A1,ALL,1,32.10079,45
2017-10-13T09:00:00-00:00,2017-10-13,2,0,CPESCNDO_7_A1,CPESCNDO_7_A1,CPESCNDO_7_A1,DAM,LMP,LMP_PRC,CPESCNDO_7_A1,ALL,1,28.716829999999998,49
2017-10-13T13:00:00-00:00,2017-10-13,6,0,CPESCNDO_7_A1,CPESCNDO_7_A1,CPESCNDO_7_A1,DAM,LMP,LMP_PRC,CPESCNDO_7_A1,ALL,1,33.542970000000004,49
2017-10-13T15:00:00-00:00,2017-10-13,8,0,CPESCNDO_7_A1,CPESCNDO_7_A1,CPESCNDO_7_A1,DAM,LMP,LMP_PRC,CPESCNDO_7_A1,ALL,1,45.34915,49
2017-10-13T16:00:00-00:00,2017-10-13,9,0,CPESCNDO_7_A1,CPESCNDO_7_A1,CPESCNDO_7_A1,DAM,LMP,LMP_PRC,CPESCNDO_7_A1,ALL,1,36.63165,49
2017-10-13T23:00:00-00:00,2017-10-13,16,0,CPESCNDO_7_A1,CPESCNDO_7_A1,CPESCNDO_7_A1,DAM,LMP,LMP_PRC,CPESCNDO_7_A1,ALL,1,38.04079,49
2017-10-13T20:00:00-00:00,2017-10-13,13,0,CPESCNDO_7_A1,CPESCNDO_7_A1,CPESCNDO_7_A1,DAM,LMP,LMP_PRC,CPESCNDO_7_A1,ALL,1,36.1876,49
2017-10-14T05:00:00-00:00,2017-10-13,22,0,CPESCNDO_7_A1,CPESCNDO_7_A1,CPESCNDO_7_A1,DAM,LMP,LMP_PRC,CPESCNDO_7_A1,ALL,1,37.44225,49
2017-10-13T10:00:00-00:00,2017-10-13,3,0,CPESCNDO_7_A1,CPESCNDO_7_A1,CPESCNDO_7_A1,DAM,LMP,LMP_PRC,CPESCNDO_7_A1,ALL,1,28.86875,49
2017-10-13T14:00:00-00:00,2017-10-13,7,0,CPESCNDO_7_A1,CPESCNDO_7_A1,CPESCNDO_7_A1,DAM,LMP,LMP_PRC,CPESCNDO_7_A1,ALL,1,43.571459999999995,49
2017-10-13T19:00:00-00:00,2017-10-13,12,0,CPESCNDO_7_A1,CPESCNDO_7_A1,CPESCNDO_7_A1,DAM,LMP,LMP_PRC,CPESCNDO_7_A1,ALL,1,32.75912,49
2017-10-14T02:00:00-00:00,2017-10-13,19,0,CPESCNDO_7_A1,CPESCNDO_7_A1,CPESCNDO_7_A1,DAM,LMP,LMP_PRC,CPESCNDO_7_A1,ALL,1,58.28096,49
2017-10-13T08:00:00-00:00,2017-10-13,1,0,CPESCNDO_7_A1,CPESCNDO_7_A1,CPESCNDO_7_A1,DAM,LMP,LMP_PRC,CPESCNDO_7_A1,ALL,1,30.111079999999998,49
2017-10-13T11:00:00-00:00,2017-10-13,4,0,CPESCNDO_7_A1,CPESCNDO_7_A1,CPESCNDO_7_A1,DAM,LMP,LMP_PRC,CPESCNDO_7_A1,ALL,1,28.39057,49
2017-10-13T22:00:00-00:00,2017-10-13,15,0,CPESCNDO_7_A1,CPESCNDO_7_A1,CPESCNDO_7_A1,DAM,LMP,LMP_PRC,CPESCNDO_7_A1,ALL,1,38.78221,49
2017-10-14T07:00:00-00:00,2017-10-13,24,0,CPESCNDO_7_A1,CPESCNDO_7_A1,CPESCNDO_7_A1,DAM,LMP,LMP_PRC,CPESCNDO_7_A1,ALL,1,32.84223,49
2017-10-13T18:00:00-00:00,2017-10-13,11,0,CPESCNDO_7_A1,CPESCNDO_7_A1,CPESCNDO_7_A1,DAM,LMP,LMP_PRC,CPESCNDO_7_A1,ALL,1,31.847609999999996,49
2017-10-13T21:00:00-00:00,2017-10-13,14,0,CPESCNDO_7_A1,CPESCNDO_7_A1,CPESCNDO_7_A1,DAM,LMP,LMP_PRC,CPESCNDO_7_A1,ALL,1,37.654270000000004,49
2017-10-14T00:00:00-00:00,2017-10-13,17,0,CPESCNDO_7_A1,CPESCNDO_7_A1,CPESCNDO_7_A1,DAM,LMP,LMP_PRC,CPESCNDO_7_A1,ALL,1,39.46544,49
2017-10-14T04:00:00-00:00,2017-10-13,21,0,CPESCNDO_7_A1,CPESCNDO_7_A1,CPESCNDO_7_A1,DAM,LMP,LMP_PRC,CPESCNDO_7_A1,ALL,1,43.67706,49
2017-10-14T01:00:00-00:00,2017-10-13,18,0,CPESCNDO_7_A1,CPESCNDO_7_A1,CPESCNDO_7_A1,DAM,LMP,LMP_PRC,CPESCNDO_7_A1,ALL,1,44.931940000000004,49
2017-10-14T03:00:00-00:00,2017-10-13,20,0,CPESCNDO_7_A1,CPESCNDO_7_A1,CPESCNDO_7_A1,DAM,LMP,LMP_PRC,CPESCNDO_7_A1,ALL,1,57.19249,49
2017-10-14T06:00:00-00:00,2017-10-13,23,0,CPESCNDO_7_A1,CPESCNDO_7_A1,CPESCNDO_7_A1,DAM,LMP,LMP_PRC,CPESCNDO_7_A1,ALL,1,34.14723,49
2017-10-13T12:00:00-00:00,2017-10-13,5,0,CPESCNDO_7_A1,CPESCNDO_7_A1,CPESCNDO_7_A1,DAM,LMP,LMP_PRC,CPESCNDO_7_A1,ALL,1,29.410840000000004,49
2017-10-13T17:00:00-00:00,2017-10-13,10,0,CPESCNDO_7_A1,CPESCNDO_7_A1,CPESCNDO_7_A1,DAM,LMP,LMP_PRC,CPESCNDO_7_A1,ALL,1,33.03004,49
2017-10-14T09:00:00-00:00,2017-10-14,2,0,CPESCNDO_7_A1,CPESCNDO_7_A1,CPESCNDO_7_A1,DAM,LMP,LMP_PRC,CPESCNDO_7_A1,ALL,1,29.110879999999998,53
2017-10-14T20:00:00-00:00,2017-10-14,13,0,CPESCNDO_7_A1,CPESCNDO_7_A1,CPESCNDO_7_A1,DAM,LMP,LMP_PRC,CPESCNDO_7_A1,ALL,1,46.942190000000004,53
2017-10-14T12:00:00-00:00,2017-10-14,5,0,CPESCNDO_7_A1,CPESCNDO_7_A1,CPESCNDO_7_A1,DAM,LMP,LMP_PRC,CPESCNDO_7_A1,ALL,1,32.687259999999995,53
2017-10-14T22:00:00-00:00,2017-10-14,15,0,CPESCNDO_7_A1,CPESCNDO_7_A1,CPESCNDO_7_A1,DAM,LMP,LMP_PRC,CPESCNDO_7_A1,ALL,1,42.20799,53
2017-10-15T02:00:00-00:00,2017-10-14,19,0,CPESCNDO_7_A1,CPESCNDO_7_A1,CPESCNDO_7_A1,DAM,LMP,LMP_PRC,CPESCNDO_7_A1,ALL,1,75.84624000000001,53
2017-10-15T05:00:00-00:00,2017-10-14,22,0,CPESCNDO_7_A1,CPESCNDO_7_A1,CPESCNDO_7_A1,DAM,LMP,LMP_PRC,CPESCNDO_7_A1,ALL,1,48.49592,53
2017-10-15T06:00:00-00:00,2017-10-14,23,0,CPESCNDO_7_A1,CPESCNDO_7_A1,CPESCNDO_7_A1,DAM,LMP,LMP_PRC,CPESCNDO_7_A1,ALL,1,41.12766,53
2017-10-15T01:00:00-00:00,2017-10-14,18,0,CPESCNDO_7_A1,CPESCNDO_7_A1,CPESCNDO_7_A1,DAM,LMP,LMP_PRC,CPESCNDO_7_A1,ALL,1,55.94995,53
2017-10-14T13:00:00-00:00,2017-10-14,6,0,CPESCNDO_7_A1,CPESCNDO_7_A1,CPESCNDO_7_A1,DAM,LMP,LMP_PRC,CPESCNDO_7_A1,ALL,1,35.54047,53
2017-10-15T00:00:00-00:00,2017-10-14,17,0,CPESCNDO_7_A1,CPESCNDO_7_A1,CPESCNDO_7_A1,DAM,LMP,LMP_PRC,CPESCNDO_7_A1,ALL,1,41.54575,53
2017-10-15T03:00:00-00:00,2017-10-14,20,0,CPESCNDO_7_A1,CPESCNDO_7_A1,CPESCNDO_7_A1,DAM,LMP,LMP_PRC,CPESCNDO_7_A1,ALL,1,79.1043,53
2017-10-14T18:00:00-00:00,2017-10-14,11,0,CPESCNDO_7_A1,CPESCNDO_7_A1,CPESCNDO_7_A1,DAM,LMP,LMP_PRC,CPESCNDO_7_A1,ALL,1,32.44874,53
2017-10-14T21:00:00-00:00,2017-10-14,14,0,CPESCNDO_7_A1,CPESCNDO_7_A1,CPESCNDO_7_A1,DAM,LMP,LMP_PRC,CPESCNDO_7_A1,ALL,1,36.03529,53
2017-10-15T04:00:00-00:00,2017-10-14,21,0,CPESCNDO_7_A1,CPESCNDO_7_A1,CPESCNDO_7_A1,DAM,LMP,LMP_PRC,CPESCNDO_7_A1,ALL,1,54.63893,53
2017-10-14T14:00:00-00:00,2017-10-14,7,0,CPESCNDO_7_A1,CPESCNDO_7_A1,CPESCNDO_7_A1,DAM,LMP,LMP_PRC,CPESCNDO_7_A1,ALL,1,37.25847,53
2017-10-14T17:00:00-00:00,2017-10-14,10,0,CPESCNDO_7_A1,CPESCNDO_7_A1,CPESCNDO_7_A1,DAM,LMP,LMP_PRC,CPESCNDO_7_A1,ALL,1,33.14492,53
2017-10-14T19:00:00-00:00,2017-10-14,12,0,CPESCNDO_7_A1,CPESCNDO_7_A1,CPESCNDO_7_A1,DAM,LMP,LMP_PRC,CPESCNDO_7_A1,ALL,1,34.653859999999995,53
2017-10-15T07:00:00-00:00,2017-10-14,24,0,CPESCNDO_7_A1,CPESCNDO_7_A1,CPESCNDO_7_A1,DAM,LMP,LMP_PRC,CPESCNDO_7_A1,ALL,1,35.70047,53
2017-10-14T15:00:00-00:00,2017-10-14,8,0,CPESCNDO_7_A1,CPESCNDO_7_A1,CPESCNDO_7_A1,DAM,LMP,LMP_PRC,CPESCNDO_7_A1,ALL,1,39.8535,53
2017-10-14T23:00:00-00:00,2017-10-14,16,0,CPESCNDO_7_A1,CPESCNDO_7_A1,CPESCNDO_7_A1,DAM,LMP,LMP_PRC,CPESCNDO_7_A1,ALL,1,42.20885,53
2017-10-14T08:00:00-00:00,2017-10-14,1,0,CPESCNDO_7_A1,CPESCNDO_7_A1,CPESCNDO_7_A1,DAM,LMP,LMP_PRC,CPESCNDO_7_A1,ALL,1,32.161,53
2017-10-14T10:00:00-00:00,2017-10-14,3,0,CPESCNDO_7_A1,CPESCNDO_7_A1,CPESCNDO_7_A1,DAM,LMP,LMP_PRC,CPESCNDO_7_A1,ALL,1,27.81648,53
2017-10-14T16:00:00-00:00,2017-10-14,9,0,CPESCNDO_7_A1,CPESCNDO_7_A1,CPESCNDO_7_A1,DAM,LMP,LMP_PRC,CPESCNDO_7_A1,ALL,1,40.138329999999996,53
2017-10-14T11:00:00-00:00,2017-10-14,4,0,CPESCNDO_7_A1,CPESCNDO_7_A1,CPESCNDO_7_A1,DAM,LMP,LMP_PRC,CPESCNDO_7_A1,ALL,1,32.55928,53
2017-10-15T11:00:00-00:00,2017-10-15,4,0,CPESCNDO_7_A1,CPESCNDO_7_A1,CPESCNDO_7_A1,DAM,LMP,LMP_PRC,CPESCNDO_7_A1,ALL,1,30.917579999999997,57
2017-10-15T12:00:00-00:00,2017-10-15,5,0,CPESCNDO_7_A1,CPESCNDO_7_A1,CPESCNDO_7_A1,DAM,LMP,LMP_PRC,CPESCNDO_7_A1,ALL,1,30.62404,57
2017-10-15T19:00:00-00:00,2017-10-15,12,0,CPESCNDO_7_A1,CPESCNDO_7_A1,CPESCNDO_7_A1,DAM,LMP,LMP_PRC,CPESCNDO_7_A1,ALL,1,19.91591,57
2017-10-15T09:00:00-00:00,2017-10-15,2,0,CPESCNDO_7_A1,CPESCNDO_7_A1,CPESCNDO_7_A1,DAM,LMP,LMP_PRC,CPESCNDO_7_A1,ALL,1,34.54416,57
2017-10-16T06:00:00-00:00,2017-10-15,23,0,CPESCNDO_7_A1,CPESCNDO_7_A1,CPESCNDO_7_A1,DAM,LMP,LMP_PRC,CPESCNDO_7_A1,ALL,1,44.476820000000004,57
2017-10-16T00:00:00-00:00,2017-10-15,17,0,CPESCNDO_7_A1,CPESCNDO_7_A1,CPESCNDO_7_A1,DAM,LMP,LMP_PRC,CPESCNDO_7_A1,ALL,1,39.59132,57
2017-10-15T20:00:00-00:00,2017-10-15,13,0,CPESCNDO_7_A1,CPESCNDO_7_A1,CPESCNDO_7_A1,DAM,LMP,LMP_PRC,CPESCNDO_7_A1,ALL,1,25.56942,57
2017-10-15T18:00:00-00:00,2017-10-15,11,0,CPESCNDO_7_A1,CPESCNDO_7_A1,CPESCNDO_7_A1,DAM,LMP,LMP_PRC,CPESCNDO_7_A1,ALL,1,20.95308,57
2017-10-15T17:00:00-00:00,2017-10-15,10,0,CPESCNDO_7_A1,CPESCNDO_7_A1,CPESCNDO_7_A1,DAM,LMP,LMP_PRC,CPESCNDO_7_A1,ALL,1,22.28806,57
2017-10-15T16:00:00-00:00,2017-10-15,9,0,CPESCNDO_7_A1,CPESCNDO_7_A1,CPESCNDO_7_A1,DAM,LMP,LMP_PRC,CPESCNDO_7_A1,ALL,1,27.37555,57
2017-10-16T02:00:00-00:00,2017-10-15,19,0,CPESCNDO_7_A1,CPESCNDO_7_A1,CPESCNDO_7_A1,DAM,LMP,LMP_PRC,CPESCNDO_7_A1,ALL,1,93.73456,57
2017-10-15T10:00:00-00:00,2017-10-15,3,0,CPESCNDO_7_A1,CPESCNDO_7_A1,CPESCNDO_7_A1,DAM,LMP,LMP_PRC,CPESCNDO_7_A1,ALL,1,33.66967,57
2017-10-16T05:00:00-00:00,2017-10-15,22,0,CPESCNDO_7_A1,CPESCNDO_7_A1,CPESCNDO_7_A1,DAM,LMP,LMP_PRC,CPESCNDO_7_A1,ALL,1,51.71062,57
2017-10-15T08:00:00-00:00,2017-10-15,1,0,CPESCNDO_7_A1,CPESCNDO_7_A1,CPESCNDO_7_A1,DAM,LMP,LMP_PRC,CPESCNDO_7_A1,ALL,1,36.46982,57
2017-10-16T04:00:00-00:00,2017-10-15,21,0,CPESCNDO_7_A1,CPESCNDO_7_A1,CPESCNDO_7_A1,DAM,LMP,LMP_PRC,CPESCNDO_7_A1,ALL,1,59.64,57
2017-10-15T22:00:00-00:00,2017-10-15,15,0,CPESCNDO_7_A1,CPESCNDO_7_A1,CPESCNDO_7_A1,DAM,LMP,LMP_PRC,CPESCNDO_7_A1,ALL,1,32.56556,57
2017-10-15T21:00:00-00:00,2017-10-15,14,0,CPESCNDO_7_A1,CPESCNDO_7_A1,CPESCNDO_7_A1,DAM,LMP,LMP_PRC,CPESCNDO_7_A1,ALL,1,26.98375,57
2017-10-15T14:00:00-00:00,2017-10-15,7,0,CPESCNDO_7_A1,CPESCNDO_7_A1,CPESCNDO_7_A1,DAM,LMP,LMP_PRC,CPESCNDO_7_A1,ALL,1,35.87751,57
2017-10-16T07:00:00-00:00,2017-10-15,24,0,CPESCNDO_7_A1,CPESCNDO_7_A1,CPESCNDO_7_A1,DAM,LMP,LMP_PRC,CPESCNDO_7_A1,ALL,1,40.31599,57
2017-10-16T03:00:00-00:00,2017-10-15,20,0,CPESCNDO_7_A1,CPESCNDO_7_A1,CPESCNDO_7_A1,DAM,LMP,LMP_PRC,CPESCNDO_7_A1,ALL,1,98.08778000000001,57
2017-10-15T23:00:00-00:00,2017-10-15,16,0,CPESCNDO_7_A1,CPESCNDO_7_A1,CPESCNDO_7_A1,DAM,LMP,LMP_PRC,CPESCNDO_7_A1,ALL,1,36.72475,57
2017-10-15T15:00:00-00:00,2017-10-15,8,0,CPESCNDO_7_A1,CPESCNDO_7_A1,CPESCNDO_7_A1,DAM,LMP,LMP_PRC,CPESCNDO_7_A1,ALL,1,36.59121,57
2017-10-15T13:00:00-00:00,2017-10-15,6,0,CPESCNDO_7_A1,CPESCNDO_7_A1,CPESCNDO_7_A1,DAM,LMP,LMP_PRC,CPESCNDO_7_A1,ALL,1,33.23807,57
2017-10-16T01:00:00-00:00,2017-10-15,18,0,CPESCNDO_7_A1,CPESCNDO_7_A1,CPESCNDO_7_A1,DAM,LMP,LMP_PRC,CPESCNDO_7_A1,ALL,1,57.99483000000001,57
2017-10-16T10:00:00-00:00,2017-10-16,3,0,CPESCNDO_7_A1,CPESCNDO_7_A1,CPESCNDO_7_A1,DAM,LMP,LMP_PRC,CPESCNDO_7_A1,ALL,1,31.2859,61
2017-10-16T13:00:00-00:00,2017-10-16,6,0,CPESCNDO_7_A1,CPESCNDO_7_A1,CPESCNDO_7_A1,DAM,LMP,LMP_PRC,CPESCNDO_7_A1,ALL,1,40.67787,61
2017-10-16T21:00:00-00:00,2017-10-16,14,0,CPESCNDO_7_A1,CPESCNDO_7_A1,CPESCNDO_7_A1,DAM,LMP,LMP_PRC,CPESCNDO_7_A1,ALL,1,45.47439,61
2017-10-16T17:00:00-00:00,2017-10-16,10,0,CPESCNDO_7_A1,CPESCNDO_7_A1,CPESCNDO_7_A1,DAM,LMP,LMP_PRC,CPESCNDO_7_A1,ALL,1,37.79973,61
2017-10-17T07:00:00-00:00,2017-10-16,24,0,CPESCNDO_7_A1,CPESCNDO_7_A1,CPESCNDO_7_A1,DAM,LMP,LMP_PRC,CPESCNDO_7_A1,ALL,1,38.36822,61
2017-10-17T01:00:00-00:00,2017-10-16,18,0,CPESCNDO_7_A1,CPESCNDO_7_A1,CPESCNDO_7_A1,DAM,LMP,LMP_PRC,CPESCNDO_7_A1,ALL,1,88.89402,61
2017-10-16T19:00:00-00:00,2017-10-16,12,0,CPESCNDO_7_A1,CPESCNDO_7_A1,CPESCNDO_7_A1,DAM,LMP,LMP_PRC,CPESCNDO_7_A1,ALL,1,43.55397,61
2017-10-16T18:00:00-00:00,2017-10-16,11,0,CPESCNDO_7_A1,CPESCNDO_7_A1,CPESCNDO_7_A1,DAM,LMP,LMP_PRC,CPESCNDO_7_A1,ALL,1,40.07447,61
2017-10-16T11:00:00-00:00,2017-10-16,4,0,CPESCNDO_7_A1,CPESCNDO_7_A1,CPESCNDO_7_A1,DAM,LMP,LMP_PRC,CPESCNDO_7_A1,ALL,1,30.00913,61
2017-10-16T09:00:00-00:00,2017-10-16,2,0,CPESCNDO_7_A1,CPESCNDO_7_A1,CPESCNDO_7_A1,DAM,LMP,LMP_PRC,CPESCNDO_7_A1,ALL,1,34.57104,61
2017-10-17T06:00:00-00:00,2017-10-16,23,0,CPESCNDO_7_A1,CPESCNDO_7_A1,CPESCNDO_7_A1,DAM,LMP,LMP_PRC,CPESCNDO_7_A1,ALL,1,44.677209999999995,61
2017-10-16T14:00:00-00:00,2017-10-16,7,0,CPESCNDO_7_A1,CPESCNDO_7_A1,CPESCNDO_7_A1,DAM,LMP,LMP_PRC,CPESCNDO_7_A1,ALL,1,44.24989,61
2017-10-16T12:00:00-00:00,2017-10-16,5,0,CPESCNDO_7_A1,CPESCNDO_7_A1,CPESCNDO_7_A1,DAM,LMP,LMP_PRC,CPESCNDO_7_A1,ALL,1,33.01529,61
2017-10-17T02:00:00-00:00,2017-10-16,19,0,CPESCNDO_7_A1,CPESCNDO_7_A1,CPESCNDO_7_A1,DAM,LMP,LMP_PRC,CPESCNDO_7_A1,ALL,1,137.6675,61
2017-10-16T22:00:00-00:00,2017-10-16,15,0,CPESCNDO_7_A1,CPESCNDO_7_A1,CPESCNDO_7_A1,DAM,LMP,LMP_PRC,CPESCNDO_7_A1,ALL,1,50.54834,61
2017-10-17T05:00:00-00:00,2017-10-16,22,0,CPESCNDO_7_A1,CPESCNDO_7_A1,CPESCNDO_7_A1,DAM,LMP,LMP_PRC,CPESCNDO_7_A1,ALL,1,50.661970000000004,61
2017-10-17T04:00:00-00:00,2017-10-16,21,0,CPESCNDO_7_A1,CPESCNDO_7_A1,CPESCNDO_7_A1,DAM,LMP,LMP_PRC,CPESCNDO_7_A1,ALL,1,64.46559,61
2017-10-17T03:00:00-00:00,2017-10-16,20,0,CPESCNDO_7_A1,CPESCNDO_7_A1,CPESCNDO_7_A1,DAM,LMP,LMP_PRC,CPESCNDO_7_A1,ALL,1,125.42124,61
2017-10-16T23:00:00-00:00,2017-10-16,16,0,CPESCNDO_7_A1,CPESCNDO_7_A1,CPESCNDO_7_A1,DAM,LMP,LMP_PRC,CPESCNDO_7_A1,ALL,1,55.4137,61
2017-10-16T08:00:00-00:00,2017-10-16,1,0,CPESCNDO_7_A1,CPESCNDO_7_A1,CPESCNDO_7_A1,DAM,LMP,LMP_PRC,CPESCNDO_7_A1,ALL,1,33.7495,61
2017-10-17T00:00:00-00:00,2017-10-16,17,0,CPESCNDO_7_A1,CPESCNDO_7_A1,CPESCNDO_7_A1,DAM,LMP,LMP_PRC,CPESCNDO_7_A1,ALL,1,58.049459999999996,61
2017-10-16T15:00:00-00:00,2017-10-16,8,0,CPESCNDO_7_A1,CPESCNDO_7_A1,CPESCNDO_7_A1,DAM,LMP,LMP_PRC,CPESCNDO_7_A1,ALL,1,46.0206,61
2017-10-16T20:00:00-00:00,2017-10-16,13,0,CPESCNDO_7_A1,CPESCNDO_7_A1,CPESCNDO_7_A1,DAM,LMP,LMP_PRC,CPESCNDO_7_A1,ALL,1,43.60535,61
2017-10-16T16:00:00-00:00,2017-10-16,9,0,CPESCNDO_7_A1,CPESCNDO_7_A1,CPESCNDO_7_A1,DAM,LMP,LMP_PRC,CPESCNDO_7_A1,ALL,1,40.38463,61
2017-10-18T07:00:00-00:00,2017-10-17,24,0,CPESCNDO_7_A1,CPESCNDO_7_A1,CPESCNDO_7_A1,DAM,LMP,LMP_PRC,CPESCNDO_7_A1,ALL,1,40.171479999999995,65
2017-10-18T03:00:00-00:00,2017-10-17,20,0,CPESCNDO_7_A1,CPESCNDO_7_A1,CPESCNDO_7_A1,DAM,LMP,LMP_PRC,CPESCNDO_7_A1,ALL,1,121.11533999999999,65
2017-10-17T21:00:00-00:00,2017-10-17,14,0,CPESCNDO_7_A1,CPESCNDO_7_A1,CPESCNDO_7_A1,DAM,LMP,LMP_PRC,CPESCNDO_7_A1,ALL,1,71.069,65
2017-10-17T22:00:00-00:00,2017-10-17,15,0,CPESCNDO_7_A1,CPESCNDO_7_A1,CPESCNDO_7_A1,DAM,LMP,LMP_PRC,CPESCNDO_7_A1,ALL,1,72.6633,65
2017-10-18T05:00:00-00:00,2017-10-17,22,0,CPESCNDO_7_A1,CPESCNDO_7_A1,CPESCNDO_7_A1,DAM,LMP,LMP_PRC,CPESCNDO_7_A1,ALL,1,56.272330000000004,65
2017-10-17T13:00:00-00:00,2017-10-17,6,0,CPESCNDO_7_A1,CPESCNDO_7_A1,CPESCNDO_7_A1,DAM,LMP,LMP_PRC,CPESCNDO_7_A1,ALL,1,40.80036,65
2017-10-17T17:00:00-00:00,2017-10-17,10,0,CPESCNDO_7_A1,CPESCNDO_7_A1,CPESCNDO_7_A1,DAM,LMP,LMP_PRC,CPESCNDO_7_A1,ALL,1,48.60946,65
2017-10-18T02:00:00-00:00,2017-10-17,19,0,CPESCNDO_7_A1,CPESCNDO_7_A1,CPESCNDO_7_A1,DAM,LMP,LMP_PRC,CPESCNDO_7_A1,ALL,1,157.62245,65
2017-10-18T04:00:00-00:00,2017-10-17,21,0,CPESCNDO_7_A1,CPESCNDO_7_A1,CPESCNDO_7_A1,DAM,LMP,LMP_PRC,CPESCNDO_7_A1,ALL,1,69.46706999999999,65
2017-10-17T19:00:00-00:00,2017-10-17,12,0,CPESCNDO_7_A1,CPESCNDO_7_A1,CPESCNDO_7_A1,DAM,LMP,LMP_PRC,CPESCNDO_7_A1,ALL,1,74.06286999999999,65
2017-10-17T15:00:00-00:00,2017-10-17,8,0,CPESCNDO_7_A1,CPESCNDO_7_A1,CPESCNDO_7_A1,DAM,LMP,LMP_PRC,CPESCNDO_7_A1,ALL,1,58.855909999999994,65
2017-10-17T16:00:00-00:00,2017-10-17,9,0,CPESCNDO_7_A1,CPESCNDO_7_A1,CPESCNDO_7_A1,DAM,LMP,LMP_PRC,CPESCNDO_7_A1,ALL,1,52.974680000000006,65
2017-10-18T06:00:00-00:00,2017-10-17,23,0,CPESCNDO_7_A1,CPESCNDO_7_A1,CPESCNDO_7_A1,DAM,LMP,LMP_PRC,CPESCNDO_7_A1,ALL,1,47.26259,65
2017-10-17T10:00:00-00:00,2017-10-17,3,0,CPESCNDO_7_A1,CPESCNDO_7_A1,CPESCNDO_7_A1,DAM,LMP,LMP_PRC,CPESCNDO_7_A1,ALL,1,32.52475,65
2017-10-17T11:00:00-00:00,2017-10-17,4,0,CPESCNDO_7_A1,CPESCNDO_7_A1,CPESCNDO_7_A1,DAM,LMP,LMP_PRC,CPESCNDO_7_A1,ALL,1,32.107490000000006,65
2017-10-17T12:00:00-00:00,2017-10-17,5,0,CPESCNDO_7_A1,CPESCNDO_7_A1,CPESCNDO_7_A1,DAM,LMP,LMP_PRC,CPESCNDO_7_A1,ALL,1,34.96024,65
2017-10-18T00:00:00-00:00,2017-10-17,17,0,CPESCNDO_7_A1,CPESCNDO_7_A1,CPESCNDO_7_A1,DAM,LMP,LMP_PRC,CPESCNDO_7_A1,ALL,1,79.15742,65
2017-10-17T08:00:00-00:00,2017-10-17,1,0,CPESCNDO_7_A1,CPESCNDO_7_A1,CPESCNDO_7_A1,DAM,LMP,LMP_PRC,CPESCNDO_7_A1,ALL,1,36.61784,65
2017-10-17T14:00:00-00:00,2017-10-17,7,0,CPESCNDO_7_A1,CPESCNDO_7_A1,CPESCNDO_7_A1,DAM,LMP,LMP_PRC,CPESCNDO_7_A1,ALL,1,65.88744,65
2017-10-17T18:00:00-00:00,2017-10-17,11,0,CPESCNDO_7_A1,CPESCNDO_7_A1,CPESCNDO_7_A1,DAM,LMP,LMP_PRC,CPESCNDO_7_A1,ALL,1,61.54246,65
2017-10-17T20:00:00-00:00,2017-10-17,13,0,CPESCNDO_7_A1,CPESCNDO_7_A1,CPESCNDO_7_A1,DAM,LMP,LMP_PRC,CPESCNDO_7_A1,ALL,1,63.231,65
2017-10-17T23:00:00-00:00,2017-10-17,16,0,CPESCNDO_7_A1,CPESCNDO_7_A1,CPESCNDO_7_A1,DAM,LMP,LMP_PRC,CPESCNDO_7_A1,ALL,1,75.0424,65
2017-10-18T01:00:00-00:00,2017-10-17,18,0,CPESCNDO_7_A1,CPESCNDO_7_A1,CPESCNDO_7_A1,DAM,LMP,LMP_PRC,CPESCNDO_7_A1,ALL,1,103.33830999999999,65
2017-10-17T09:00:00-00:00,2017-10-17,2,0,CPESCNDO_7_A1,CPESCNDO_7_A1,CPESCNDO_7_A1,DAM,LMP,LMP_PRC,CPESCNDO_7_A1,ALL,1,36.89212,65
2017-10-18T14:00:00-00:00,2017-10-18,7,0,CPESCNDO_7_A1,CPESCNDO_7_A1,CPESCNDO_7_A1,DAM,LMP,LMP_PRC,CPESCNDO_7_A1,ALL,1,57.91733000000001,69
2017-10-18T09:00:00-00:00,2017-10-18,2,0,CPESCNDO_7_A1,CPESCNDO_7_A1,CPESCNDO_7_A1,DAM,LMP,LMP_PRC,CPESCNDO_7_A1,ALL,1,33.85335,69
2017-10-18T21:00:00-00:00,2017-10-18,14,0,CPESCNDO_7_A1,CPESCNDO_7_A1,CPESCNDO_7_A1,DAM,LMP,LMP_PRC,CPESCNDO_7_A1,ALL,1,61.94654,69
2017-10-18T11:00:00-00:00,2017-10-18,4,0,CPESCNDO_7_A1,CPESCNDO_7_A1,CPESCNDO_7_A1,DAM,LMP,LMP_PRC,CPESCNDO_7_A1,ALL,1,30.567390000000003,69
2017-10-19T02:00:00-00:00,2017-10-18,19,0,CPESCNDO_7_A1,CPESCNDO_7_A1,CPESCNDO_7_A1,DAM,LMP,LMP_PRC,CPESCNDO_7_A1,ALL,1,123.36241000000001,69
2017-10-18T12:00:00-00:00,2017-10-18,5,0,CPESCNDO_7_A1,CPESCNDO_7_A1,CPESCNDO_7_A1,DAM,LMP,LMP_PRC,CPESCNDO_7_A1,ALL,1,35.72636,69
2017-10-18T08:00:00-00:00,2017-10-18,1,0,CPESCNDO_7_A1,CPESCNDO_7_A1,CPESCNDO_7_A1,DAM,LMP,LMP_PRC,CPESCNDO_7_A1,ALL,1,35.53047,69
2017-10-18T16:00:00-00:00,2017-10-18,9,0,CPESCNDO_7_A1,CPESCNDO_7_A1,CPESCNDO_7_A1,DAM,LMP,LMP_PRC,CPESCNDO_7_A1,ALL,1,54.63279,69
2017-10-18T20:00:00-00:00,2017-10-18,13,0,CPESCNDO_7_A1,CPESCNDO_7_A1,CPESCNDO_7_A1,DAM,LMP,LMP_PRC,CPESCNDO_7_A1,ALL,1,61.13698,69
2017-10-18T23:00:00-00:00,2017-10-18,16,0,CPESCNDO_7_A1,CPESCNDO_7_A1,CPESCNDO_7_A1,DAM,LMP,LMP_PRC,CPESCNDO_7_A1,ALL,1,66.09784,69
2017-10-19T03:00:00-00:00,2017-10-18,20,0,CPESCNDO_7_A1,CPESCNDO_7_A1,CPESCNDO_7_A1,DAM,LMP,LMP_PRC,CPESCNDO_7_A1,ALL,1,91.67949,69
2017-10-19T06:00:00-00:00,2017-10-18,23,0,CPESCNDO_7_A1,CPESCNDO_7_A1,CPESCNDO_7_A1,DAM,LMP,LMP_PRC,CPESCNDO_7_A1,ALL,1,43.5596,69
2017-10-18T10:00:00-00:00,2017-10-18,3,0,CPESCNDO_7_A1,CPESCNDO_7_A1,CPESCNDO_7_A1,DAM,LMP,LMP_PRC,CPESCNDO_7_A1,ALL,1,31.39038,69
2017-10-18T13:00:00-00:00,2017-10-18,6,0,CPESCNDO_7_A1,CPESCNDO_7_A1,CPESCNDO_7_A1,DAM,LMP,LMP_PRC,CPESCNDO_7_A1,ALL,1,40.77799,69
2017-10-18T19:00:00-00:00,2017-10-18,12,0,CPESCNDO_7_A1,CPESCNDO_7_A1,CPESCNDO_7_A1,DAM,LMP,LMP_PRC,CPESCNDO_7_A1,ALL,1,62.15534,69
2017-10-19T00:00:00-00:00,2017-10-18,17,0,CPESCNDO_7_A1,CPESCNDO_7_A1,CPESCNDO_7_A1,DAM,LMP,LMP_PRC,CPESCNDO_7_A1,ALL,1,65.597,69
2017-10-19T01:00:00-00:00,2017-10-18,18,0,CPESCNDO_7_A1,CPESCNDO_7_A1,CPESCNDO_7_A1,DAM,LMP,LMP_PRC,CPESCNDO_7_A1,ALL,1,78.70447,69
2017-10-19T04:00:00-00:00,2017-10-18,21,0,CPESCNDO_7_A1,CPESCNDO_7_A1,CPESCNDO_7_A1,DAM,LMP,LMP_PRC,CPESCNDO_7_A1,ALL,1,64.47498,69
2017-10-19T05:00:00-00:00,2017-10-18,22,0,CPESCNDO_7_A1,CPESCNDO_7_A1,CPESCNDO_7_A1,DAM,LMP,LMP_PRC,CPESCNDO_7_A1,ALL,1,53.010740000000006,69
2017-10-19T07:00:00-00:00,2017-10-18,24,0,CPESCNDO_7_A1,CPESCNDO_7_A1,CPESCNDO_7_A1,DAM,LMP,LMP_PRC,CPESCNDO_7_A1,ALL,1,37.00674,69
2017-10-18T17:00:00-00:00,2017-10-18,10,0,CPESCNDO_7_A1,CPESCNDO_7_A1,CPESCNDO_7_A1,DAM,LMP,LMP_PRC,CPESCNDO_7_A1,ALL,1,63.76205,69
2017-10-18T18:00:00-00:00,2017-10-18,11,0,CPESCNDO_7_A1,CPESCNDO_7_A1,CPESCNDO_7_A1,DAM,LMP,LMP_PRC,CPESCNDO_7_A1,ALL,1,55.333490000000005,69
2017-10-18T22:00:00-00:00,2017-10-18,15,0,CPESCNDO_7_A1,CPESCNDO_7_A1,CPESCNDO_7_A1,DAM,LMP,LMP_PRC,CPESCNDO_7_A1,ALL,1,65.37517,69
2017-10-18T15:00:00-00:00,2017-10-18,8,0,CPESCNDO_7_A1,CPESCNDO_7_A1,CPESCNDO_7_A1,DAM,LMP,LMP_PRC,CPESCNDO_7_A1,ALL,1,64.28914,69
2017-10-19T16:00:00-00:00,2017-10-19,9,0,CPESCNDO_7_A1,CPESCNDO_7_A1,CPESCNDO_7_A1,DAM,LMP,LMP_PRC,CPESCNDO_7_A1,ALL,1,44.703520000000005,73
2017-10-19T21:00:00-00:00,2017-10-19,14,0,CPESCNDO_7_A1,CPESCNDO_7_A1,CPESCNDO_7_A1,DAM,LMP,LMP_PRC,CPESCNDO_7_A1,ALL,1,45.306940000000004,73
2017-10-19T12:00:00-00:00,2017-10-19,5,0,CPESCNDO_7_A1,CPESCNDO_7_A1,CPESCNDO_7_A1,DAM,LMP,LMP_PRC,CPESCNDO_7_A1,ALL,1,28.694940000000003,73
2017-10-19T23:00:00-00:00,2017-10-19,16,0,CPESCNDO_7_A1,CPESCNDO_7_A1,CPESCNDO_7_A1,DAM,LMP,LMP_PRC,CPESCNDO_7_A1,ALL,1,47.08879,73
2017-10-19T19:00:00-00:00,2017-10-19,12,0,CPESCNDO_7_A1,CPESCNDO_7_A1,CPESCNDO_7_A1,DAM,LMP,LMP_PRC,CPESCNDO_7_A1,ALL,1,44.15822,73
2017-10-19T18:00:00-00:00,2017-10-19,11,0,CPESCNDO_7_A1,CPESCNDO_7_A1,CPESCNDO_7_A1,DAM,LMP,LMP_PRC,CPESCNDO_7_A1,ALL,1,41.25055,73
2017-10-19T13:00:00-00:00,2017-10-19,6,0,CPESCNDO_7_A1,CPESCNDO_7_A1,CPESCNDO_7_A1,DAM,LMP,LMP_PRC,CPESCNDO_7_A1,ALL,1,33.52731,73
2017-10-19T17:00:00-00:00,2017-10-19,10,0,CPESCNDO_7_A1,CPESCNDO_7_A1,CPESCNDO_7_A1,DAM,LMP,LMP_PRC,CPESCNDO_7_A1,ALL,1,42.42978,73
2017-10-19T09:00:00-00:00,2017-10-19,2,0,CPESCNDO_7_A1,CPESCNDO_7_A1,CPESCNDO_7_A1,DAM,LMP,LMP_PRC,CPESCNDO_7_A1,ALL,1,28.73078,73
2017-10-19T14:00:00-00:00,2017-10-19,7,0,CPESCNDO_7_A1,CPESCNDO_7_A1,CPESCNDO_7_A1,DAM,LMP,LMP_PRC,CPESCNDO_7_A1,ALL,1,49.61221,73
2017-10-20T04:00:00-00:00,2017-10-19,21,0,CPESCNDO_7_A1,CPESCNDO_7_A1,CPESCNDO_7_A1,DAM,LMP,LMP_PRC,CPESCNDO_7_A1,ALL,1,53.57304,73
2017-10-19T08:00:00-00:00,2017-10-19,1,0,CPESCNDO_7_A1,CPESCNDO_7_A1,CPESCNDO_7_A1,DAM,LMP,LMP_PRC,CPESCNDO_7_A1,ALL,1,31.547179999999997,73
2017-10-20T07:00:00-00:00,2017-10-19,24,0,CPESCNDO_7_A1,CPESCNDO_7_A1,CPESCNDO_7_A1,DAM,LMP,LMP_PRC,CPESCNDO_7_A1,ALL,1,36.21504,73
2017-10-19T11:00:00-00:00,2017-10-19,4,0,CPESCNDO_7_A1,CPESCNDO_7_A1,CPESCNDO_7_A1,DAM,LMP,LMP_PRC,CPESCNDO_7_A1,ALL,1,27.40962,73
2017-10-19T22:00:00-00:00,2017-10-19,15,0,CPESCNDO_7_A1,CPESCNDO_7_A1,CPESCNDO_7_A1,DAM,LMP,LMP_PRC,CPESCNDO_7_A1,ALL,1,47.4475,73
2017-10-20T02:00:00-00:00,2017-10-19,19,0,CPESCNDO_7_A1,CPESCNDO_7_A1,CPESCNDO_7_A1,DAM,LMP,LMP_PRC,CPESCNDO_7_A1,ALL,1,68.79791999999999,73
2017-10-20T01:00:00-00:00,2017-10-19,18,0,CPESCNDO_7_A1,CPESCNDO_7_A1,CPESCNDO_7_A1,DAM,LMP,LMP_PRC,CPESCNDO_7_A1,ALL,1,53.04724,73
2017-10-20T06:00:00-00:00,2017-10-19,23,0,CPESCNDO_7_A1,CPESCNDO_7_A1,CPESCNDO_7_A1,DAM,LMP,LMP_PRC,CPESCNDO_7_A1,ALL,1,37.55924,73
2017-10-20T03:00:00-00:00,2017-10-19,20,0,CPESCNDO_7_A1,CPESCNDO_7_A1,CPESCNDO_7_A1,DAM,LMP,LMP_PRC,CPESCNDO_7_A1,ALL,1,65.30599000000001,73
2017-10-20T05:00:00-00:00,2017-10-19,22,0,CPESCNDO_7_A1,CPESCNDO_7_A1,CPESCNDO_7_A1,DAM,LMP,LMP_PRC,CPESCNDO_7_A1,ALL,1,48.26345,73
2017-10-20T00:00:00-00:00,2017-10-19,17,0,CPESCNDO_7_A1,CPESCNDO_7_A1,CPESCNDO_7_A1,DAM,LMP,LMP_PRC,CPESCNDO_7_A1,ALL,1,48.071740000000005,73
2017-10-19T10:00:00-00:00,2017-10-19,3,0,CPESCNDO_7_A1,CPESCNDO_7_A1,CPESCNDO_7_A1,DAM,LMP,LMP_PRC,CPESCNDO_7_A1,ALL,1,27.90413,73
2017-10-19T20:00:00-00:00,2017-10-19,13,0,CPESCNDO_7_A1,CPESCNDO_7_A1,CPESCNDO_7_A1,DAM,LMP,LMP_PRC,CPESCNDO_7_A1,ALL,1,46.60548,73
2017-10-19T15:00:00-00:00,2017-10-19,8,0,CPESCNDO_7_A1,CPESCNDO_7_A1,CPESCNDO_7_A1,DAM,LMP,LMP_PRC,CPESCNDO_7_A1,ALL,1,53.28335,73
2017-10-20T17:00:00-00:00,2017-10-20,10,0,CPESCNDO_7_A1,CPESCNDO_7_A1,CPESCNDO_7_A1,DAM,LMP,LMP_PRC,CPESCNDO_7_A1,ALL,1,52.50215,77
2017-10-20T23:00:00-00:00,2017-10-20,16,0,CPESCNDO_7_A1,CPESCNDO_7_A1,CPESCNDO_7_A1,DAM,LMP,LMP_PRC,CPESCNDO_7_A1,ALL,1,39.282,77
2017-10-20T14:00:00-00:00,2017-10-20,7,0,CPESCNDO_7_A1,CPESCNDO_7_A1,CPESCNDO_7_A1,DAM,LMP,LMP_PRC,CPESCNDO_7_A1,ALL,1,44.19454,77
2017-10-20T16:00:00-00:00,2017-10-20,9,0,CPESCNDO_7_A1,CPESCNDO_7_A1,CPESCNDO_7_A1,DAM,LMP,LMP_PRC,CPESCNDO_7_A1,ALL,1,46.28111,77
2017-10-20T21:00:00-00:00,2017-10-20,14,0,CPESCNDO_7_A1,CPESCNDO_7_A1,CPESCNDO_7_A1,DAM,LMP,LMP_PRC,CPESCNDO_7_A1,ALL,1,40.77341,77
2017-10-20T09:00:00-00:00,2017-10-20,2,0,CPESCNDO_7_A1,CPESCNDO_7_A1,CPESCNDO_7_A1,DAM,LMP,LMP_PRC,CPESCNDO_7_A1,ALL,1,27.89752,77
2017-10-20T10:00:00-00:00,2017-10-20,3,0,CPESCNDO_7_A1,CPESCNDO_7_A1,CPESCNDO_7_A1,DAM,LMP,LMP_PRC,CPESCNDO_7_A1,ALL,1,26.95018,77
2017-10-21T00:00:00-00:00,2017-10-20,17,0,CPESCNDO_7_A1,CPESCNDO_7_A1,CPESCNDO_7_A1,DAM,LMP,LMP_PRC,CPESCNDO_7_A1,ALL,1,42.27825,77
2017-10-21T01:00:00-00:00,2017-10-20,18,0,CPESCNDO_7_A1,CPESCNDO_7_A1,CPESCNDO_7_A1,DAM,LMP,LMP_PRC,CPESCNDO_7_A1,ALL,1,47.63473,77
2017-10-21T02:00:00-00:00,2017-10-20,19,0,CPESCNDO_7_A1,CPESCNDO_7_A1,CPESCNDO_7_A1,DAM,LMP,LMP_PRC,CPESCNDO_7_A1,ALL,1,65.86984,77
2017-10-21T05:00:00-00:00,2017-10-20,22,0,CPESCNDO_7_A1,CPESCNDO_7_A1,CPESCNDO_7_A1,DAM,LMP,LMP_PRC,CPESCNDO_7_A1,ALL,1,38.789590000000004,77
2017-10-21T07:00:00-00:00,2017-10-20,24,0,CPESCNDO_7_A1,CPESCNDO_7_A1,CPESCNDO_7_A1,DAM,LMP,LMP_PRC,CPESCNDO_7_A1,ALL,1,33.28118,77
2017-10-20T13:00:00-00:00,2017-10-20,6,0,CPESCNDO_7_A1,CPESCNDO_7_A1,CPESCNDO_7_A1,DAM,LMP,LMP_PRC,CPESCNDO_7_A1,ALL,1,32.96864,77
2017-10-21T04:00:00-00:00,2017-10-20,21,0,CPESCNDO_7_A1,CPESCNDO_7_A1,CPESCNDO_7_A1,DAM,LMP,LMP_PRC,CPESCNDO_7_A1,ALL,1,43.50592,77
2017-10-21T06:00:00-00:00,2017-10-20,23,0,CPESCNDO_7_A1,CPESCNDO_7_A1,CPESCNDO_7_A1,DAM,LMP,LMP_PRC,CPESCNDO_7_A1,ALL,1,35.77643,77
2017-10-20T12:00:00-00:00,2017-10-20,5,0,CPESCNDO_7_A1,CPESCNDO_7_A1,CPESCNDO_7_A1,DAM,LMP,LMP_PRC,CPESCNDO_7_A1,ALL,1,29.07834,77
2017-10-20T08:00:00-00:00,2017-10-20,1,0,CPESCNDO_7_A1,CPESCNDO_7_A1,CPESCNDO_7_A1,DAM,LMP,LMP_PRC,CPESCNDO_7_A1,ALL,1,29.94278,77
2017-10-20T11:00:00-00:00,2017-10-20,4,0,CPESCNDO_7_A1,CPESCNDO_7_A1,CPESCNDO_7_A1,DAM,LMP,LMP_PRC,CPESCNDO_7_A1,ALL,1,26.47372,77
2017-10-20T19:00:00-00:00,2017-10-20,12,0,CPESCNDO_7_A1,CPESCNDO_7_A1,CPESCNDO_7_A1,DAM,LMP,LMP_PRC,CPESCNDO_7_A1,ALL,1,42.9503,77
2017-10-21T03:00:00-00:00,2017-10-20,20,0,CPESCNDO_7_A1,CPESCNDO_7_A1,CPESCNDO_7_A1,DAM,LMP,LMP_PRC,CPESCNDO_7_A1,ALL,1,57.8655,77
2017-10-20T18:00:00-00:00,2017-10-20,11,0,CPESCNDO_7_A1,CPESCNDO_7_A1,CPESCNDO_7_A1,DAM,LMP,LMP_PRC,CPESCNDO_7_A1,ALL,1,59.2748,77
2017-10-20T15:00:00-00:00,2017-10-20,8,0,CPESCNDO_7_A1,CPESCNDO_7_A1,CPESCNDO_7_A1,DAM,LMP,LMP_PRC,CPESCNDO_7_A1,ALL,1,52.68636,77
2017-10-20T20:00:00-00:00,2017-10-20,13,0,CPESCNDO_7_A1,CPESCNDO_7_A1,CPESCNDO_7_A1,DAM,LMP,LMP_PRC,CPESCNDO_7_A1,ALL,1,44.975359999999995,77
2017-10-20T22:00:00-00:00,2017-10-20,15,0,CPESCNDO_7_A1,CPESCNDO_7_A1,CPESCNDO_7_A1,DAM,LMP,LMP_PRC,CPESCNDO_7_A1,ALL,1,40.65477,77
2017-10-22T00:00:00-00:00,2017-10-21,17,0,CPESCNDO_7_A1,CPESCNDO_7_A1,CPESCNDO_7_A1,DAM,LMP,LMP_PRC,CPESCNDO_7_A1,ALL,1,31.167820000000003,81
2017-10-21T10:00:00-00:00,2017-10-21,3,0,CPESCNDO_7_A1,CPESCNDO_7_A1,CPESCNDO_7_A1,DAM,LMP,LMP_PRC,CPESCNDO_7_A1,ALL,1,27.70822,81
2017-10-21T18:00:00-00:00,2017-10-21,11,0,CPESCNDO_7_A1,CPESCNDO_7_A1,CPESCNDO_7_A1,DAM,LMP,LMP_PRC,CPESCNDO_7_A1,ALL,1,21.41593,81
2017-10-21T21:00:00-00:00,2017-10-21,14,0,CPESCNDO_7_A1,CPESCNDO_7_A1,CPESCNDO_7_A1,DAM,LMP,LMP_PRC,CPESCNDO_7_A1,ALL,1,26.743090000000002,81
2017-10-21T20:00:00-00:00,2017-10-21,13,0,CPESCNDO_7_A1,CPESCNDO_7_A1,CPESCNDO_7_A1,DAM,LMP,LMP_PRC,CPESCNDO_7_A1,ALL,1,26.81703,81
2017-10-22T03:00:00-00:00,2017-10-21,20,0,CPESCNDO_7_A1,CPESCNDO_7_A1,CPESCNDO_7_A1,DAM,LMP,LMP_PRC,CPESCNDO_7_A1,ALL,1,57.195609999999995,81
2017-10-22T05:00:00-00:00,2017-10-21,22,0,CPESCNDO_7_A1,CPESCNDO_7_A1,CPESCNDO_7_A1,DAM,LMP,LMP_PRC,CPESCNDO_7_A1,ALL,1,46.83085,81
2017-10-21T08:00:00-00:00,2017-10-21,1,0,CPESCNDO_7_A1,CPESCNDO_7_A1,CPESCNDO_7_A1,DAM,LMP,LMP_PRC,CPESCNDO_7_A1,ALL,1,31.058009999999996,81
2017-10-21T22:00:00-00:00,2017-10-21,15,0,CPESCNDO_7_A1,CPESCNDO_7_A1,CPESCNDO_7_A1,DAM,LMP,LMP_PRC,CPESCNDO_7_A1,ALL,1,26.17215,81
2017-10-22T07:00:00-00:00,2017-10-21,24,0,CPESCNDO_7_A1,CPESCNDO_7_A1,CPESCNDO_7_A1,DAM,LMP,LMP_PRC,CPESCNDO_7_A1,ALL,1,35.41755,81
2017-10-22T04:00:00-00:00,2017-10-21,21,0,CPESCNDO_7_A1,CPESCNDO_7_A1,CPESCNDO_7_A1,DAM,LMP,LMP_PRC,CPESCNDO_7_A1,ALL,1,52.96686,81
2017-10-22T06:00:00-00:00,2017-10-21,23,0,CPESCNDO_7_A1,CPESCNDO_7_A1,CPESCNDO_7_A1,DAM,LMP,LMP_PRC,CPESCNDO_7_A1,ALL,1,41.951879999999996,81
2017-10-21T11:00:00-00:00,2017-10-21,4,0,CPESCNDO_7_A1,CPESCNDO_7_A1,CPESCNDO_7_A1,DAM,LMP,LMP_PRC,CPESCNDO_7_A1,ALL,1,27.416140000000002,81
2017-10-21T12:00:00-00:00,2017-10-21,5,0,CPESCNDO_7_A1,CPESCNDO_7_A1,CPESCNDO_7_A1,DAM,LMP,LMP_PRC,CPESCNDO_7_A1,ALL,1,28.376690000000004,81
2017-10-21T14:00:00-00:00,2017-10-21,7,0,CPESCNDO_7_A1,CPESCNDO_7_A1,CPESCNDO_7_A1,DAM,LMP,LMP_PRC,CPESCNDO_7_A1,ALL,1,39.931509999999996,81
2017-10-21T17:00:00-00:00,2017-10-21,10,0,CPESCNDO_7_A1,CPESCNDO_7_A1,CPESCNDO_7_A1,DAM,LMP,LMP_PRC,CPESCNDO_7_A1,ALL,1,25.50269,81
2017-10-21T16:00:00-00:00,2017-10-21,9,0,CPESCNDO_7_A1,CPESCNDO_7_A1,CPESCNDO_7_A1,DAM,LMP,LMP_PRC,CPESCNDO_7_A1,ALL,1,31.6244,81
2017-10-21T23:00:00-00:00,2017-10-21,16,0,CPESCNDO_7_A1,CPESCNDO_7_A1,CPESCNDO_7_A1,DAM,LMP,LMP_PRC,CPESCNDO_7_A1,ALL,1,29.566909999999996,81
2017-10-22T02:00:00-00:00,2017-10-21,19,0,CPESCNDO_7_A1,CPESCNDO_7_A1,CPESCNDO_7_A1,DAM,LMP,LMP_PRC,CPESCNDO_7_A1,ALL,1,64.37862,81
2017-10-21T13:00:00-00:00,2017-10-21,6,0,CPESCNDO_7_A1,CPESCNDO_7_A1,CPESCNDO_7_A1,DAM,LMP,LMP_PRC,CPESCNDO_7_A1,ALL,1,32.79725,81
2017-10-21T15:00:00-00:00,2017-10-21,8,0,CPESCNDO_7_A1,CPESCNDO_7_A1,CPESCNDO_7_A1,DAM,LMP,LMP_PRC,CPESCNDO_7_A1,ALL,1,39.71378,81
2017-10-22T01:00:00-00:00,2017-10-21,18,0,CPESCNDO_7_A1,CPESCNDO_7_A1,CPESCNDO_7_A1,DAM,LMP,LMP_PRC,CPESCNDO_7_A1,ALL,1,47.59363,81
2017-10-21T09:00:00-00:00,2017-10-21,2,0,CPESCNDO_7_A1,CPESCNDO_7_A1,CPESCNDO_7_A1,DAM,LMP,LMP_PRC,CPESCNDO_7_A1,ALL,1,28.479290000000002,81
2017-10-21T19:00:00-00:00,2017-10-21,12,0,CPESCNDO_7_A1,CPESCNDO_7_A1,CPESCNDO_7_A1,DAM,LMP,LMP_PRC,CPESCNDO_7_A1,ALL,1,19.1502,81
2017-10-23T03:00:00-00:00,2017-10-22,20,0,CPESCNDO_7_A1,CPESCNDO_7_A1,CPESCNDO_7_A1,DAM,LMP,LMP_PRC,CPESCNDO_7_A1,ALL,1,73.97285,85
2017-10-23T04:00:00-00:00,2017-10-22,21,0,CPESCNDO_7_A1,CPESCNDO_7_A1,CPESCNDO_7_A1,DAM,LMP,LMP_PRC,CPESCNDO_7_A1,ALL,1,55.11348,85
2017-10-22T11:00:00-00:00,2017-10-22,4,0,CPESCNDO_7_A1,CPESCNDO_7_A1,CPESCNDO_7_A1,DAM,LMP,LMP_PRC,CPESCNDO_7_A1,ALL,1,29.792990000000003,85
2017-10-22T10:00:00-00:00,2017-10-22,3,0,CPESCNDO_7_A1,CPESCNDO_7_A1,CPESCNDO_7_A1,DAM,LMP,LMP_PRC,CPESCNDO_7_A1,ALL,1,29.971220000000002,85
2017-10-22T21:00:00-00:00,2017-10-22,14,0,CPESCNDO_7_A1,CPESCNDO_7_A1,CPESCNDO_7_A1,DAM,LMP,LMP_PRC,CPESCNDO_7_A1,ALL,1,39.29078,85
2017-10-22T14:00:00-00:00,2017-10-22,7,0,CPESCNDO_7_A1,CPESCNDO_7_A1,CPESCNDO_7_A1,DAM,LMP,LMP_PRC,CPESCNDO_7_A1,ALL,1,34.30342,85
2017-10-23T02:00:00-00:00,2017-10-22,19,0,CPESCNDO_7_A1,CPESCNDO_7_A1,CPESCNDO_7_A1,DAM,LMP,LMP_PRC,CPESCNDO_7_A1,ALL,1,84.64509,85
2017-10-22T12:00:00-00:00,2017-10-22,5,0,CPESCNDO_7_A1,CPESCNDO_7_A1,CPESCNDO_7_A1,DAM,LMP,LMP_PRC,CPESCNDO_7_A1,ALL,1,30.020529999999997,85
2017-10-23T05:00:00-00:00,2017-10-22,22,0,CPESCNDO_7_A1,CPESCNDO_7_A1,CPESCNDO_7_A1,DAM,LMP,LMP_PRC,CPESCNDO_7_A1,ALL,1,48.95047,85
2017-10-22T23:00:00-00:00,2017-10-22,16,0,CPESCNDO_7_A1,CPESCNDO_7_A1,CPESCNDO_7_A1,DAM,LMP,LMP_PRC,CPESCNDO_7_A1,ALL,1,44.33527,85
2017-10-22T18:00:00-00:00,2017-10-22,11,0,CPESCNDO_7_A1,CPESCNDO_7_A1,CPESCNDO_7_A1,DAM,LMP,LMP_PRC,CPESCNDO_7_A1,ALL,1,22.95284,85
2017-10-22T16:00:00-00:00,2017-10-22,9,0,CPESCNDO_7_A1,CPESCNDO_7_A1,CPESCNDO_7_A1,DAM,LMP,LMP_PRC,CPESCNDO_7_A1,ALL,1,38.427890000000005,85
2017-10-22T22:00:00-00:00,2017-10-22,15,0,CPESCNDO_7_A1,CPESCNDO_7_A1,CPESCNDO_7_A1,DAM,LMP,LMP_PRC,CPESCNDO_7_A1,ALL,1,34.71474,85
2017-10-22T15:00:00-00:00,2017-10-22,8,0,CPESCNDO_7_A1,CPESCNDO_7_A1,CPESCNDO_7_A1,DAM,LMP,LMP_PRC,CPESCNDO_7_A1,ALL,1,33.797940000000004,85
2017-10-23T01:00:00-00:00,2017-10-22,18,0,CPESCNDO_7_A1,CPESCNDO_7_A1,CPESCNDO_7_A1,DAM,LMP,LMP_PRC,CPESCNDO_7_A1,ALL,1,55.58656,85
2017-10-22T09:00:00-00:00,2017-10-22,2,0,CPESCNDO_7_A1,CPESCNDO_7_A1,CPESCNDO_7_A1,DAM,LMP,LMP_PRC,CPESCNDO_7_A1,ALL,1,29.762359999999997,85
2017-10-22T08:00:00-00:00,2017-10-22,1,0,CPESCNDO_7_A1,CPESCNDO_7_A1,CPESCNDO_7_A1,DAM,LMP,LMP_PRC,CPESCNDO_7_A1,ALL,1,32.21477,85
2017-10-23T06:00:00-00:00,2017-10-22,23,0,CPESCNDO_7_A1,CPESCNDO_7_A1,CPESCNDO_7_A1,DAM,LMP,LMP_PRC,CPESCNDO_7_A1,ALL,1,42.59045,85
2017-10-23T00:00:00-00:00,2017-10-22,17,0,CPESCNDO_7_A1,CPESCNDO_7_A1,CPESCNDO_7_A1,DAM,LMP,LMP_PRC,CPESCNDO_7_A1,ALL,1,35.89669,85
2017-10-22T20:00:00-00:00,2017-10-22,13,0,CPESCNDO_7_A1,CPESCNDO_7_A1,CPESCNDO_7_A1,DAM,LMP,LMP_PRC,CPESCNDO_7_A1,ALL,1,27.57478,85
2017-10-22T19:00:00-00:00,2017-10-22,12,0,CPESCNDO_7_A1,CPESCNDO_7_A1,CPESCNDO_7_A1,DAM,LMP,LMP_PRC,CPESCNDO_7_A1,ALL,1,26.35395,85
2017-10-22T17:00:00-00:00,2017-10-22,10,0,CPESCNDO_7_A1,CPESCNDO_7_A1,CPESCNDO_7_A1,DAM,LMP,LMP_PRC,CPESCNDO_7_A1,ALL,1,25.43572,85
2017-10-22T13:00:00-00:00,2017-10-22,6,0,CPESCNDO_7_A1,CPESCNDO_7_A1,CPESCNDO_7_A1,DAM,LMP,LMP_PRC,CPESCNDO_7_A1,ALL,1,32.75485,85
2017-10-23T07:00:00-00:00,2017-10-22,24,0,CPESCNDO_7_A1,CPESCNDO_7_A1,CPESCNDO_7_A1,DAM,LMP,LMP_PRC,CPESCNDO_7_A1,ALL,1,37.4003,85
2017-10-24T03:00:00-00:00,2017-10-23,20,0,CPESCNDO_7_A1,CPESCNDO_7_A1,CPESCNDO_7_A1,DAM,LMP,LMP_PRC,CPESCNDO_7_A1,ALL,1,217.23912,89
2017-10-24T06:00:00-00:00,2017-10-23,23,0,CPESCNDO_7_A1,CPESCNDO_7_A1,CPESCNDO_7_A1,DAM,LMP,LMP_PRC,CPESCNDO_7_A1,ALL,1,52.82796999999999,89
2017-10-23T20:00:00-00:00,2017-10-23,13,0,CPESCNDO_7_A1,CPESCNDO_7_A1,CPESCNDO_7_A1,DAM,LMP,LMP_PRC,CPESCNDO_7_A1,ALL,1,44.83874,89
2017-10-24T00:00:00-00:00,2017-10-23,17,0,CPESCNDO_7_A1,CPESCNDO_7_A1,CPESCNDO_7_A1,DAM,LMP,LMP_PRC,CPESCNDO_7_A1,ALL,1,80.12292,89
2017-10-24T04:00:00-00:00,2017-10-23,21,0,CPESCNDO_7_A1,CPESCNDO_7_A1,CPESCNDO_7_A1,DAM,LMP,LMP_PRC,CPESCNDO_7_A1,ALL,1,88.01536,89
2017-10-24T05:00:00-00:00,2017-10-23,22,0,CPESCNDO_7_A1,CPESCNDO_7_A1,CPESCNDO_7_A1,DAM,LMP,LMP_PRC,CPESCNDO_7_A1,ALL,1,61.18434,89
2017-10-23T17:00:00-00:00,2017-10-23,10,0,CPESCNDO_7_A1,CPESCNDO_7_A1,CPESCNDO_7_A1,DAM,LMP,LMP_PRC,CPESCNDO_7_A1,ALL,1,45.07716,89
2017-10-23T18:00:00-00:00,2017-10-23,11,0,CPESCNDO_7_A1,CPESCNDO_7_A1,CPESCNDO_7_A1,DAM,LMP,LMP_PRC,CPESCNDO_7_A1,ALL,1,42.39455,89
2017-10-23T22:00:00-00:00,2017-10-23,15,0,CPESCNDO_7_A1,CPESCNDO_7_A1,CPESCNDO_7_A1,DAM,LMP,LMP_PRC,CPESCNDO_7_A1,ALL,1,56.23096999999999,89
2017-10-23T08:00:00-00:00,2017-10-23,1,0,CPESCNDO_7_A1,CPESCNDO_7_A1,CPESCNDO_7_A1,DAM,LMP,LMP_PRC,CPESCNDO_7_A1,ALL,1,33.68501,89
2017-10-23T10:00:00-00:00,2017-10-23,3,0,CPESCNDO_7_A1,CPESCNDO_7_A1,CPESCNDO_7_A1,DAM,LMP,LMP_PRC,CPESCNDO_7_A1,ALL,1,29.498009999999997,89
2017-10-23T11:00:00-00:00,2017-10-23,4,0,CPESCNDO_7_A1,CPESCNDO_7_A1,CPESCNDO_7_A1,DAM,LMP,LMP_PRC,CPESCNDO_7_A1,ALL,1,28.91814,89
2017-10-23T13:00:00-00:00,2017-10-23,6,0,CPESCNDO_7_A1,CPESCNDO_7_A1,CPESCNDO_7_A1,DAM,LMP,LMP_PRC,CPESCNDO_7_A1,ALL,1,36.59516,89
2017-10-23T15:00:00-00:00,2017-10-23,8,0,CPESCNDO_7_A1,CPESCNDO_7_A1,CPESCNDO_7_A1,DAM,LMP,LMP_PRC,CPESCNDO_7_A1,ALL,1,57.55985,89
2017-10-23T16:00:00-00:00,2017-10-23,9,0,CPESCNDO_7_A1,CPESCNDO_7_A1,CPESCNDO_7_A1,DAM,LMP,LMP_PRC,CPESCNDO_7_A1,ALL,1,54.51198,89
2017-10-24T01:00:00-00:00,2017-10-23,18,0,CPESCNDO_7_A1,CPESCNDO_7_A1,CPESCNDO_7_A1,DAM,LMP,LMP_PRC,CPESCNDO_7_A1,ALL,1,178.75186000000002,89
2017-10-24T02:00:00-00:00,2017-10-23,19,0,CPESCNDO_7_A1,CPESCNDO_7_A1,CPESCNDO_7_A1,DAM,LMP,LMP_PRC,CPESCNDO_7_A1,ALL,1,302.61427000000003,89
2017-10-23T12:00:00-00:00,2017-10-23,5,0,CPESCNDO_7_A1,CPESCNDO_7_A1,CPESCNDO_7_A1,DAM,LMP,LMP_PRC,CPESCNDO_7_A1,ALL,1,30.38,89
2017-10-23T14:00:00-00:00,2017-10-23,7,0,CPESCNDO_7_A1,CPESCNDO_7_A1,CPESCNDO_7_A1,DAM,LMP,LMP_PRC,CPESCNDO_7_A1,ALL,1,49.07519,89
2017-10-23T19:00:00-00:00,2017-10-23,12,0,CPESCNDO_7_A1,CPESCNDO_7_A1,CPESCNDO_7_A1,DAM,LMP,LMP_PRC,CPESCNDO_7_A1,ALL,1,41.6893,89
2017-10-23T09:00:00-00:00,2017-10-23,2,0,CPESCNDO_7_A1,CPESCNDO_7_A1,CPESCNDO_7_A1,DAM,LMP,LMP_PRC,CPESCNDO_7_A1,ALL,1,31.08993,89
2017-10-23T21:00:00-00:00,2017-10-23,14,0,CPESCNDO_7_A1,CPESCNDO_7_A1,CPESCNDO_7_A1,DAM,LMP,LMP_PRC,CPESCNDO_7_A1,ALL,1,42.98614,89
2017-10-23T23:00:00-00:00,2017-10-23,16,0,CPESCNDO_7_A1,CPESCNDO_7_A1,CPESCNDO_7_A1,DAM,LMP,LMP_PRC,CPESCNDO_7_A1,ALL,1,59.156580000000005,89
2017-10-24T07:00:00-00:00,2017-10-23,24,0,CPESCNDO_7_A1,CPESCNDO_7_A1,CPESCNDO_7_A1,DAM,LMP,LMP_PRC,CPESCNDO_7_A1,ALL,1,45.49783,89
2017-10-24T19:00:00-00:00,2017-10-24,12,0,CPESCNDO_7_A1,CPESCNDO_7_A1,CPESCNDO_7_A1,DAM,LMP,LMP_PRC,CPESCNDO_7_A1,ALL,1,96.32311,93
2017-10-25T05:00:00-00:00,2017-10-24,22,0,CPESCNDO_7_A1,CPESCNDO_7_A1,CPESCNDO_7_A1,DAM,LMP,LMP_PRC,CPESCNDO_7_A1,ALL,1,139.79554,93
2017-10-25T01:00:00-00:00,2017-10-24,18,0,CPESCNDO_7_A1,CPESCNDO_7_A1,CPESCNDO_7_A1,DAM,LMP,LMP_PRC,CPESCNDO_7_A1,ALL,1,343.5027,93
2017-10-24T14:00:00-00:00,2017-10-24,7,0,CPESCNDO_7_A1,CPESCNDO_7_A1,CPESCNDO_7_A1,DAM,LMP,LMP_PRC,CPESCNDO_7_A1,ALL,1,117.85241,93
2017-10-24T23:00:00-00:00,2017-10-24,16,0,CPESCNDO_7_A1,CPESCNDO_7_A1,CPESCNDO_7_A1,DAM,LMP,LMP_PRC,CPESCNDO_7_A1,ALL,1,115.72843999999999,93
2017-10-25T00:00:00-00:00,2017-10-24,17,0,CPESCNDO_7_A1,CPESCNDO_7_A1,CPESCNDO_7_A1,DAM,LMP,LMP_PRC,CPESCNDO_7_A1,ALL,1,157.65922,93
2017-10-24T15:00:00-00:00,2017-10-24,8,0,CPESCNDO_7_A1,CPESCNDO_7_A1,CPESCNDO_7_A1,DAM,LMP,LMP_PRC,CPESCNDO_7_A1,ALL,1,134.44813,93
2017-10-24T10:00:00-00:00,2017-10-24,3,0,CPESCNDO_7_A1,CPESCNDO_7_A1,CPESCNDO_7_A1,DAM,LMP,LMP_PRC,CPESCNDO_7_A1,ALL,1,34.56831,93
2017-10-24T08:00:00-00:00,2017-10-24,1,0,CPESCNDO_7_A1,CPESCNDO_7_A1,CPESCNDO_7_A1,DAM,LMP,LMP_PRC,CPESCNDO_7_A1,ALL,1,38.57255,93
2017-10-24T18:00:00-00:00,2017-10-24,11,0,CPESCNDO_7_A1,CPESCNDO_7_A1,CPESCNDO_7_A1,DAM,LMP,LMP_PRC,CPESCNDO_7_A1,ALL,1,88.8363,93
2017-10-24T17:00:00-00:00,2017-10-24,10,0,CPESCNDO_7_A1,CPESCNDO_7_A1,CPESCNDO_7_A1,DAM,LMP,LMP_PRC,CPESCNDO_7_A1,ALL,1,86.54103,93
2017-10-24T09:00:00-00:00,2017-10-24,2,0,CPESCNDO_7_A1,CPESCNDO_7_A1,CPESCNDO_7_A1,DAM,LMP,LMP_PRC,CPESCNDO_7_A1,ALL,1,35.7597,93
2017-10-24T22:00:00-00:00,2017-10-24,15,0,CPESCNDO_7_A1,CPESCNDO_7_A1,CPESCNDO_7_A1,DAM,LMP,LMP_PRC,CPESCNDO_7_A1,ALL,1,104.3765,93
2017-10-24T20:00:00-00:00,2017-10-24,13,0,CPESCNDO_7_A1,CPESCNDO_7_A1,CPESCNDO_7_A1,DAM,LMP,LMP_PRC,CPESCNDO_7_A1,ALL,1,105.73346000000001,93
2017-10-24T21:00:00-00:00,2017-10-24,14,0,CPESCNDO_7_A1,CPESCNDO_7_A1,CPESCNDO_7_A1,DAM,LMP,LMP_PRC,CPESCNDO_7_A1,ALL,1,99.55765,93
2017-10-24T12:00:00-00:00,2017-10-24,5,0,CPESCNDO_7_A1,CPESCNDO_7_A1,CPESCNDO_7_A1,DAM,LMP,LMP_PRC,CPESCNDO_7_A1,ALL,1,36.194720000000004,93
2017-10-24T13:00:00-00:00,2017-10-24,6,0,CPESCNDO_7_A1,CPESCNDO_7_A1,CPESCNDO_7_A1,DAM,LMP,LMP_PRC,CPESCNDO_7_A1,ALL,1,56.844440000000006,93
2017-10-25T04:00:00-00:00,2017-10-24,21,0,CPESCNDO_7_A1,CPESCNDO_7_A1,CPESCNDO_7_A1,DAM,LMP,LMP_PRC,CPESCNDO_7_A1,ALL,1,145.8639,93
2017-10-25T07:00:00-00:00,2017-10-24,24,0,CPESCNDO_7_A1,CPESCNDO_7_A1,CPESCNDO_7_A1,DAM,LMP,LMP_PRC,CPESCNDO_7_A1,ALL,1,100.97036,93
2017-10-25T03:00:00-00:00,2017-10-24,20,0,CPESCNDO_7_A1,CPESCNDO_7_A1,CPESCNDO_7_A1,DAM,LMP,LMP_PRC,CPESCNDO_7_A1,ALL,1,311.64695,93
2017-10-24T16:00:00-00:00,2017-10-24,9,0,CPESCNDO_7_A1,CPESCNDO_7_A1,CPESCNDO_7_A1,DAM,LMP,LMP_PRC,CPESCNDO_7_A1,ALL,1,85.07760999999999,93
2017-10-25T02:00:00-00:00,2017-10-24,19,0,CPESCNDO_7_A1,CPESCNDO_7_A1,CPESCNDO_7_A1,DAM,LMP,LMP_PRC,CPESCNDO_7_A1,ALL,1,510.55872,93
2017-10-25T06:00:00-00:00,2017-10-24,23,0,CPESCNDO_7_A1,CPESCNDO_7_A1,CPESCNDO_7_A1,DAM,LMP,LMP_PRC,CPESCNDO_7_A1,ALL,1,87.63004000000001,93
2017-10-24T11:00:00-00:00,2017-10-24,4,0,CPESCNDO_7_A1,CPESCNDO_7_A1,CPESCNDO_7_A1,DAM,LMP,LMP_PRC,CPESCNDO_7_A1,ALL,1,34.10412,93
2017-10-25T22:00:00-00:00,2017-10-25,15,0,CPESCNDO_7_A1,CPESCNDO_7_A1,CPESCNDO_7_A1,DAM,LMP,LMP_PRC,CPESCNDO_7_A1,ALL,1,73.04389,97
2017-10-25T11:00:00-00:00,2017-10-25,4,0,CPESCNDO_7_A1,CPESCNDO_7_A1,CPESCNDO_7_A1,DAM,LMP,LMP_PRC,CPESCNDO_7_A1,ALL,1,34.35241,97
2017-10-25T08:00:00-00:00,2017-10-25,1,0,CPESCNDO_7_A1,CPESCNDO_7_A1,CPESCNDO_7_A1,DAM,LMP,LMP_PRC,CPESCNDO_7_A1,ALL,1,45.82301,97
2017-10-25T16:00:00-00:00,2017-10-25,9,0,CPESCNDO_7_A1,CPESCNDO_7_A1,CPESCNDO_7_A1,DAM,LMP,LMP_PRC,CPESCNDO_7_A1,ALL,1,49.6136,97
2017-10-26T04:00:00-00:00,2017-10-25,21,0,CPESCNDO_7_A1,CPESCNDO_7_A1,CPESCNDO_7_A1,DAM,LMP,LMP_PRC,CPESCNDO_7_A1,ALL,1,92.29035999999999,97
2017-10-26T05:00:00-00:00,2017-10-25,22,0,CPESCNDO_7_A1,CPESCNDO_7_A1,CPESCNDO_7_A1,DAM,LMP,LMP_PRC,CPESCNDO_7_A1,ALL,1,78.2523,97
2017-10-26T07:00:00-00:00,2017-10-25,24,0,CPESCNDO_7_A1,CPESCNDO_7_A1,CPESCNDO_7_A1,DAM,LMP,LMP_PRC,CPESCNDO_7_A1,ALL,1,56.233340000000005,97
2017-10-25T19:00:00-00:00,2017-10-25,12,0,CPESCNDO_7_A1,CPESCNDO_7_A1,CPESCNDO_7_A1,DAM,LMP,LMP_PRC,CPESCNDO_7_A1,ALL,1,58.274440000000006,97
2017-10-25T21:00:00-00:00,2017-10-25,14,0,CPESCNDO_7_A1,CPESCNDO_7_A1,CPESCNDO_7_A1,DAM,LMP,LMP_PRC,CPESCNDO_7_A1,ALL,1,65.79,97
2017-10-26T02:00:00-00:00,2017-10-25,19,0,CPESCNDO_7_A1,CPESCNDO_7_A1,CPESCNDO_7_A1,DAM,LMP,LMP_PRC,CPESCNDO_7_A1,ALL,1,392.3027,97
2017-10-26T06:00:00-00:00,2017-10-25,23,0,CPESCNDO_7_A1,CPESCNDO_7_A1,CPESCNDO_7_A1,DAM,LMP,LMP_PRC,CPESCNDO_7_A1,ALL,1,67.97415,97
2017-10-25T10:00:00-00:00,2017-10-25,3,0,CPESCNDO_7_A1,CPESCNDO_7_A1,CPESCNDO_7_A1,DAM,LMP,LMP_PRC,CPESCNDO_7_A1,ALL,1,36.18437,97
2017-10-25T15:00:00-00:00,2017-10-25,8,0,CPESCNDO_7_A1,CPESCNDO_7_A1,CPESCNDO_7_A1,DAM,LMP,LMP_PRC,CPESCNDO_7_A1,ALL,1,84.03386,97
2017-10-25T17:00:00-00:00,2017-10-25,10,0,CPESCNDO_7_A1,CPESCNDO_7_A1,CPESCNDO_7_A1,DAM,LMP,LMP_PRC,CPESCNDO_7_A1,ALL,1,50.622209999999995,97
2017-10-26T00:00:00-00:00,2017-10-25,17,0,CPESCNDO_7_A1,CPESCNDO_7_A1,CPESCNDO_7_A1,DAM,LMP,LMP_PRC,CPESCNDO_7_A1,ALL,1,108.07061000000002,97
2017-10-26T01:00:00-00:00,2017-10-25,18,0,CPESCNDO_7_A1,CPESCNDO_7_A1,CPESCNDO_7_A1,DAM,LMP,LMP_PRC,CPESCNDO_7_A1,ALL,1,253.65521,97
2017-10-26T03:00:00-00:00,2017-10-25,20,0,CPESCNDO_7_A1,CPESCNDO_7_A1,CPESCNDO_7_A1,DAM,LMP,LMP_PRC,CPESCNDO_7_A1,ALL,1,173.98072,97
2017-10-25T12:00:00-00:00,2017-10-25,5,0,CPESCNDO_7_A1,CPESCNDO_7_A1,CPESCNDO_7_A1,DAM,LMP,LMP_PRC,CPESCNDO_7_A1,ALL,1,36.31089,97
2017-10-25T13:00:00-00:00,2017-10-25,6,0,CPESCNDO_7_A1,CPESCNDO_7_A1,CPESCNDO_7_A1,DAM,LMP,LMP_PRC,CPESCNDO_7_A1,ALL,1,44.003040000000006,97
2017-10-25T18:00:00-00:00,2017-10-25,11,0,CPESCNDO_7_A1,CPESCNDO_7_A1,CPESCNDO_7_A1,DAM,LMP,LMP_PRC,CPESCNDO_7_A1,ALL,1,55.64901999999999,97
2017-10-25T09:00:00-00:00,2017-10-25,2,0,CPESCNDO_7_A1,CPESCNDO_7_A1,CPESCNDO_7_A1,DAM,LMP,LMP_PRC,CPESCNDO_7_A1,ALL,1,37.91545,97
2017-10-25T14:00:00-00:00,2017-10-25,7,0,CPESCNDO_7_A1,CPESCNDO_7_A1,CPESCNDO_7_A1,DAM,LMP,LMP_PRC,CPESCNDO_7_A1,ALL,1,71.33005,97
2017-10-25T20:00:00-00:00,2017-10-25,13,0,CPESCNDO_7_A1,CPESCNDO_7_A1,CPESCNDO_7_A1,DAM,LMP,LMP_PRC,CPESCNDO_7_A1,ALL,1,61.148430000000005,97
2017-10-25T23:00:00-00:00,2017-10-25,16,0,CPESCNDO_7_A1,CPESCNDO_7_A1,CPESCNDO_7_A1,DAM,LMP,LMP_PRC,CPESCNDO_7_A1,ALL,1,79.48137,97
2017-10-27T07:00:00-00:00,2017-10-26,24,0,CPESCNDO_7_A1,CPESCNDO_7_A1,CPESCNDO_7_A1,DAM,LMP,LMP_PRC,CPESCNDO_7_A1,ALL,1,44.6545,101
2017-10-26T08:00:00-00:00,2017-10-26,1,0,CPESCNDO_7_A1,CPESCNDO_7_A1,CPESCNDO_7_A1,DAM,LMP,LMP_PRC,CPESCNDO_7_A1,ALL,1,42.05485,101
2017-10-27T00:00:00-00:00,2017-10-26,17,0,CPESCNDO_7_A1,CPESCNDO_7_A1,CPESCNDO_7_A1,DAM,LMP,LMP_PRC,CPESCNDO_7_A1,ALL,1,61.98246999999999,101
2017-10-26T22:00:00-00:00,2017-10-26,15,0,CPESCNDO_7_A1,CPESCNDO_7_A1,CPESCNDO_7_A1,DAM,LMP,LMP_PRC,CPESCNDO_7_A1,ALL,1,59.55935,101
2017-10-26T11:00:00-00:00,2017-10-26,4,0,CPESCNDO_7_A1,CPESCNDO_7_A1,CPESCNDO_7_A1,DAM,LMP,LMP_PRC,CPESCNDO_7_A1,ALL,1,34.80877,101
2017-10-27T02:00:00-00:00,2017-10-26,19,0,CPESCNDO_7_A1,CPESCNDO_7_A1,CPESCNDO_7_A1,DAM,LMP,LMP_PRC,CPESCNDO_7_A1,ALL,1,155.69545,101
2017-10-26T17:00:00-00:00,2017-10-26,10,0,CPESCNDO_7_A1,CPESCNDO_7_A1,CPESCNDO_7_A1,DAM,LMP,LMP_PRC,CPESCNDO_7_A1,ALL,1,40.15227,101
2017-10-26T18:00:00-00:00,2017-10-26,11,0,CPESCNDO_7_A1,CPESCNDO_7_A1,CPESCNDO_7_A1,DAM,LMP,LMP_PRC,CPESCNDO_7_A1,ALL,1,43.11399,101
2017-10-26T16:00:00-00:00,2017-10-26,9,0,CPESCNDO_7_A1,CPESCNDO_7_A1,CPESCNDO_7_A1,DAM,LMP,LMP_PRC,CPESCNDO_7_A1,ALL,1,46.59585,101
2017-10-26T15:00:00-00:00,2017-10-26,8,0,CPESCNDO_7_A1,CPESCNDO_7_A1,CPESCNDO_7_A1,DAM,LMP,LMP_PRC,CPESCNDO_7_A1,ALL,1,54.15988,101
2017-10-26T09:00:00-00:00,2017-10-26,2,0,CPESCNDO_7_A1,CPESCNDO_7_A1,CPESCNDO_7_A1,DAM,LMP,LMP_PRC,CPESCNDO_7_A1,ALL,1,39.217459999999996,101
2017-10-27T05:00:00-00:00,2017-10-26,22,0,CPESCNDO_7_A1,CPESCNDO_7_A1,CPESCNDO_7_A1,DAM,LMP,LMP_PRC,CPESCNDO_7_A1,ALL,1,55.31304,101
2017-10-26T21:00:00-00:00,2017-10-26,14,0,CPESCNDO_7_A1,CPESCNDO_7_A1,CPESCNDO_7_A1,DAM,LMP,LMP_PRC,CPESCNDO_7_A1,ALL,1,50.98473,101
2017-10-26T12:00:00-00:00,2017-10-26,5,0,CPESCNDO_7_A1,CPESCNDO_7_A1,CPESCNDO_7_A1,DAM,LMP,LMP_PRC,CPESCNDO_7_A1,ALL,1,35.16165,101
2017-10-26T19:00:00-00:00,2017-10-26,12,0,CPESCNDO_7_A1,CPESCNDO_7_A1,CPESCNDO_7_A1,DAM,LMP,LMP_PRC,CPESCNDO_7_A1,ALL,1,50.4828,101
2017-10-26T10:00:00-00:00,2017-10-26,3,0,CPESCNDO_7_A1,CPESCNDO_7_A1,CPESCNDO_7_A1,DAM,LMP,LMP_PRC,CPESCNDO_7_A1,ALL,1,35.22099,101
2017-10-27T03:00:00-00:00,2017-10-26,20,0,CPESCNDO_7_A1,CPESCNDO_7_A1,CPESCNDO_7_A1,DAM,LMP,LMP_PRC,CPESCNDO_7_A1,ALL,1,86.47216999999999,101
2017-10-27T01:00:00-00:00,2017-10-26,18,0,CPESCNDO_7_A1,CPESCNDO_7_A1,CPESCNDO_7_A1,DAM,LMP,LMP_PRC,CPESCNDO_7_A1,ALL,1,102.64662,101
2017-10-26T23:00:00-00:00,2017-10-26,16,0,CPESCNDO_7_A1,CPESCNDO_7_A1,CPESCNDO_7_A1,DAM,LMP,LMP_PRC,CPESCNDO_7_A1,ALL,1,54.41679,101
2017-10-26T20:00:00-00:00,2017-10-26,13,0,CPESCNDO_7_A1,CPESCNDO_7_A1,CPESCNDO_7_A1,DAM,LMP,LMP_PRC,CPESCNDO_7_A1,ALL,1,50.39714,101
2017-10-26T14:00:00-00:00,2017-10-26,7,0,CPESCNDO_7_A1,CPESCNDO_7_A1,CPESCNDO_7_A1,DAM,LMP,LMP_PRC,CPESCNDO_7_A1,ALL,1,54.80607,101
2017-10-26T13:00:00-00:00,2017-10-26,6,0,CPESCNDO_7_A1,CPESCNDO_7_A1,CPESCNDO_7_A1,DAM,LMP,LMP_PRC,CPESCNDO_7_A1,ALL,1,40.76637,101
2017-10-27T06:00:00-00:00,2017-10-26,23,0,CPESCNDO_7_A1,CPESCNDO_7_A1,CPESCNDO_7_A1,DAM,LMP,LMP_PRC,CPESCNDO_7_A1,ALL,1,49.63149,101
2017-10-27T04:00:00-00:00,2017-10-26,21,0,CPESCNDO_7_A1,CPESCNDO_7_A1,CPESCNDO_7_A1,DAM,LMP,LMP_PRC,CPESCNDO_7_A1,ALL,1,64.86406,101
2017-10-27T10:00:00-00:00,2017-10-27,3,0,CPESCNDO_7_A1,CPESCNDO_7_A1,CPESCNDO_7_A1,DAM,LMP,LMP_PRC,CPESCNDO_7_A1,ALL,1,34.30408,105
2017-10-28T03:00:00-00:00,2017-10-27,20,0,CPESCNDO_7_A1,CPESCNDO_7_A1,CPESCNDO_7_A1,DAM,LMP,LMP_PRC,CPESCNDO_7_A1,ALL,1,74.2112,105
2017-10-28T05:00:00-00:00,2017-10-27,22,0,CPESCNDO_7_A1,CPESCNDO_7_A1,CPESCNDO_7_A1,DAM,LMP,LMP_PRC,CPESCNDO_7_A1,ALL,1,56.184419999999996,105
2017-10-28T02:00:00-00:00,2017-10-27,19,0,CPESCNDO_7_A1,CPESCNDO_7_A1,CPESCNDO_7_A1,DAM,LMP,LMP_PRC,CPESCNDO_7_A1,ALL,1,134.13794,105
2017-10-27T21:00:00-00:00,2017-10-27,14,0,CPESCNDO_7_A1,CPESCNDO_7_A1,CPESCNDO_7_A1,DAM,LMP,LMP_PRC,CPESCNDO_7_A1,ALL,1,46.7511,105
2017-10-27T15:00:00-00:00,2017-10-27,8,0,CPESCNDO_7_A1,CPESCNDO_7_A1,CPESCNDO_7_A1,DAM,LMP,LMP_PRC,CPESCNDO_7_A1,ALL,1,60.70644,105
2017-10-27T11:00:00-00:00,2017-10-27,4,0,CPESCNDO_7_A1,CPESCNDO_7_A1,CPESCNDO_7_A1,DAM,LMP,LMP_PRC,CPESCNDO_7_A1,ALL,1,33.89678,105
2017-10-28T07:00:00-00:00,2017-10-27,24,0,CPESCNDO_7_A1,CPESCNDO_7_A1,CPESCNDO_7_A1,DAM,LMP,LMP_PRC,CPESCNDO_7_A1,ALL,1,41.733309999999996,105
2017-10-28T01:00:00-00:00,2017-10-27,18,0,CPESCNDO_7_A1,CPESCNDO_7_A1,CPESCNDO_7_A1,DAM,LMP,LMP_PRC,CPESCNDO_7_A1,ALL,1,82.66131,105
2017-10-27T12:00:00-00:00,2017-10-27,5,0,CPESCNDO_7_A1,CPESCNDO_7_A1,CPESCNDO_7_A1,DAM,LMP,LMP_PRC,CPESCNDO_7_A1,ALL,1,35.03071,105
2017-10-28T04:00:00-00:00,2017-10-27,21,0,CPESCNDO_7_A1,CPESCNDO_7_A1,CPESCNDO_7_A1,DAM,LMP,LMP_PRC,CPESCNDO_7_A1,ALL,1,65.78616,105
2017-10-27T16:00:00-00:00,2017-10-27,9,0,CPESCNDO_7_A1,CPESCNDO_7_A1,CPESCNDO_7_A1,DAM,LMP,LMP_PRC,CPESCNDO_7_A1,ALL,1,53.536280000000005,105
2017-10-28T00:00:00-00:00,2017-10-27,17,0,CPESCNDO_7_A1,CPESCNDO_7_A1,CPESCNDO_7_A1,DAM,LMP,LMP_PRC,CPESCNDO_7_A1,ALL,1,69.07506,105
2017-10-28T06:00:00-00:00,2017-10-27,23,0,CPESCNDO_7_A1,CPESCNDO_7_A1,CPESCNDO_7_A1,DAM,LMP,LMP_PRC,CPESCNDO_7_A1,ALL,1,48.56922,105
2017-10-27T19:00:00-00:00,2017-10-27,12,0,CPESCNDO_7_A1,CPESCNDO_7_A1,CPESCNDO_7_A1,DAM,LMP,LMP_PRC,CPESCNDO_7_A1,ALL,1,43.13029,105
2017-10-27T17:00:00-00:00,2017-10-27,10,0,CPESCNDO_7_A1,CPESCNDO_7_A1,CPESCNDO_7_A1,DAM,LMP,LMP_PRC,CPESCNDO_7_A1,ALL,1,44.5763,105
2017-10-27T14:00:00-00:00,2017-10-27,7,0,CPESCNDO_7_A1,CPESCNDO_7_A1,CPESCNDO_7_A1,DAM,LMP,LMP_PRC,CPESCNDO_7_A1,ALL,1,51.66444,105
2017-10-27T13:00:00-00:00,2017-10-27,6,0,CPESCNDO_7_A1,CPESCNDO_7_A1,CPESCNDO_7_A1,DAM,LMP,LMP_PRC,CPESCNDO_7_A1,ALL,1,36.38733,105
2017-10-27T22:00:00-00:00,2017-10-27,15,0,CPESCNDO_7_A1,CPESCNDO_7_A1,CPESCNDO_7_A1,DAM,LMP,LMP_PRC,CPESCNDO_7_A1,ALL,1,61.643409999999996,105
2017-10-27T20:00:00-00:00,2017-10-27,13,0,CPESCNDO_7_A1,CPESCNDO_7_A1,CPESCNDO_7_A1,DAM,LMP,LMP_PRC,CPESCNDO_7_A1,ALL,1,47.267140000000005,105
2017-10-27T09:00:00-00:00,2017-10-27,2,0,CPESCNDO_7_A1,CPESCNDO_7_A1,CPESCNDO_7_A1,DAM,LMP,LMP_PRC,CPESCNDO_7_A1,ALL,1,35.957370000000004,105
2017-10-27T23:00:00-00:00,2017-10-27,16,0,CPESCNDO_7_A1,CPESCNDO_7_A1,CPESCNDO_7_A1,DAM,LMP,LMP_PRC,CPESCNDO_7_A1,ALL,1,64.53343000000001,105
2017-10-27T18:00:00-00:00,2017-10-27,11,0,CPESCNDO_7_A1,CPESCNDO_7_A1,CPESCNDO_7_A1,DAM,LMP,LMP_PRC,CPESCNDO_7_A1,ALL,1,41.75613,105
2017-10-27T08:00:00-00:00,2017-10-27,1,0,CPESCNDO_7_A1,CPESCNDO_7_A1,CPESCNDO_7_A1,DAM,LMP,LMP_PRC,CPESCNDO_7_A1,ALL,1,38.01017,105
2017-10-28T22:00:00-00:00,2017-10-28,15,0,CPESCNDO_7_A1,CPESCNDO_7_A1,CPESCNDO_7_A1,DAM,LMP,LMP_PRC,CPESCNDO_7_A1,ALL,1,36.16782,109
2017-10-29T03:00:00-00:00,2017-10-28,20,0,CPESCNDO_7_A1,CPESCNDO_7_A1,CPESCNDO_7_A1,DAM,LMP,LMP_PRC,CPESCNDO_7_A1,ALL,1,53.9689,109
2017-10-28T14:00:00-00:00,2017-10-28,7,0,CPESCNDO_7_A1,CPESCNDO_7_A1,CPESCNDO_7_A1,DAM,LMP,LMP_PRC,CPESCNDO_7_A1,ALL,1,35.0457,109
2017-10-28T08:00:00-00:00,2017-10-28,1,0,CPESCNDO_7_A1,CPESCNDO_7_A1,CPESCNDO_7_A1,DAM,LMP,LMP_PRC,CPESCNDO_7_A1,ALL,1,35.689859999999996,109
2017-10-28T20:00:00-00:00,2017-10-28,13,0,CPESCNDO_7_A1,CPESCNDO_7_A1,CPESCNDO_7_A1,DAM,LMP,LMP_PRC,CPESCNDO_7_A1,ALL,1,33.172090000000004,109
2017-10-28T12:00:00-00:00,2017-10-28,5,0,CPESCNDO_7_A1,CPESCNDO_7_A1,CPESCNDO_7_A1,DAM,LMP,LMP_PRC,CPESCNDO_7_A1,ALL,1,32.77502,109
2017-10-28T10:00:00-00:00,2017-10-28,3,0,CPESCNDO_7_A1,CPESCNDO_7_A1,CPESCNDO_7_A1,DAM,LMP,LMP_PRC,CPESCNDO_7_A1,ALL,1,33.53485,109
2017-10-28T19:00:00-00:00,2017-10-28,12,0,CPESCNDO_7_A1,CPESCNDO_7_A1,CPESCNDO_7_A1,DAM,LMP,LMP_PRC,CPESCNDO_7_A1,ALL,1,32.04448,109
2017-10-28T13:00:00-00:00,2017-10-28,6,0,CPESCNDO_7_A1,CPESCNDO_7_A1,CPESCNDO_7_A1,DAM,LMP,LMP_PRC,CPESCNDO_7_A1,ALL,1,34.97036,109
2017-10-29T04:00:00-00:00,2017-10-28,21,0,CPESCNDO_7_A1,CPESCNDO_7_A1,CPESCNDO_7_A1,DAM,LMP,LMP_PRC,CPESCNDO_7_A1,ALL,1,49.69304,109
2017-10-28T18:00:00-00:00,2017-10-28,11,0,CPESCNDO_7_A1,CPESCNDO_7_A1,CPESCNDO_7_A1,DAM,LMP,LMP_PRC,CPESCNDO_7_A1,ALL,1,32.8444,109
2017-10-28T16:00:00-00:00,2017-10-28,9,0,CPESCNDO_7_A1,CPESCNDO_7_A1,CPESCNDO_7_A1,DAM,LMP,LMP_PRC,CPESCNDO_7_A1,ALL,1,38.30934,109
2017-10-29T07:00:00-00:00,2017-10-28,24,0,CPESCNDO_7_A1,CPESCNDO_7_A1,CPESCNDO_7_A1,DAM,LMP,LMP_PRC,CPESCNDO_7_A1,ALL,1,35.270379999999996,109
2017-10-29T06:00:00-00:00,2017-10-28,23,0,CPESCNDO_7_A1,CPESCNDO_7_A1,CPESCNDO_7_A1,DAM,LMP,LMP_PRC,CPESCNDO_7_A1,ALL,1,38.26724,109
2017-10-29T00:00:00-00:00,2017-10-28,17,0,CPESCNDO_7_A1,CPESCNDO_7_A1,CPESCNDO_7_A1,DAM,LMP,LMP_PRC,CPESCNDO_7_A1,ALL,1,46.6751,109
2017-10-28T17:00:00-00:00,2017-10-28,10,0,CPESCNDO_7_A1,CPESCNDO_7_A1,CPESCNDO_7_A1,DAM,LMP,LMP_PRC,CPESCNDO_7_A1,ALL,1,34.77088,109
2017-10-28T15:00:00-00:00,2017-10-28,8,0,CPESCNDO_7_A1,CPESCNDO_7_A1,CPESCNDO_7_A1,DAM,LMP,LMP_PRC,CPESCNDO_7_A1,ALL,1,38.12579,109
2017-10-28T09:00:00-00:00,2017-10-28,2,0,CPESCNDO_7_A1,CPESCNDO_7_A1,CPESCNDO_7_A1,DAM,LMP,LMP_PRC,CPESCNDO_7_A1,ALL,1,34.3568,109
2017-10-29T05:00:00-00:00,2017-10-28,22,0,CPESCNDO_7_A1,CPESCNDO_7_A1,CPESCNDO_7_A1,DAM,LMP,LMP_PRC,CPESCNDO_7_A1,ALL,1,42.29368,109
2017-10-28T23:00:00-00:00,2017-10-28,16,0,CPESCNDO_7_A1,CPESCNDO_7_A1,CPESCNDO_7_A1,DAM,LMP,LMP_PRC,CPESCNDO_7_A1,ALL,1,40.52479,109
2017-10-28T21:00:00-00:00,2017-10-28,14,0,CPESCNDO_7_A1,CPESCNDO_7_A1,CPESCNDO_7_A1,DAM,LMP,LMP_PRC,CPESCNDO_7_A1,ALL,1,34.8963,109
2017-10-29T02:00:00-00:00,2017-10-28,19,0,CPESCNDO_7_A1,CPESCNDO_7_A1,CPESCNDO_7_A1,DAM,LMP,LMP_PRC,CPESCNDO_7_A1,ALL,1,85.16011,109
2017-10-29T01:00:00-00:00,2017-10-28,18,0,CPESCNDO_7_A1,CPESCNDO_7_A1,CPESCNDO_7_A1,DAM,LMP,LMP_PRC,CPESCNDO_7_A1,ALL,1,54.7768,109
2017-10-28T11:00:00-00:00,2017-10-28,4,0,CPESCNDO_7_A1,CPESCNDO_7_A1,CPESCNDO_7_A1,DAM,LMP,LMP_PRC,CPESCNDO_7_A1,ALL,1,31.724940000000004,109
2017-10-30T02:00:00-00:00,2017-10-29,19,0,CPESCNDO_7_A1,CPESCNDO_7_A1,CPESCNDO_7_A1,DAM,LMP,LMP_PRC,CPESCNDO_7_A1,ALL,1,67.8865,113
2017-10-29T21:00:00-00:00,2017-10-29,14,0,CPESCNDO_7_A1,CPESCNDO_7_A1,CPESCNDO_7_A1,DAM,LMP,LMP_PRC,CPESCNDO_7_A1,ALL,1,23.910629999999998,113
2017-10-29T15:00:00-00:00,2017-10-29,8,0,CPESCNDO_7_A1,CPESCNDO_7_A1,CPESCNDO_7_A1,DAM,LMP,LMP_PRC,CPESCNDO_7_A1,ALL,1,33.107620000000004,113
2017-10-29T19:00:00-00:00,2017-10-29,12,0,CPESCNDO_7_A1,CPESCNDO_7_A1,CPESCNDO_7_A1,DAM,LMP,LMP_PRC,CPESCNDO_7_A1,ALL,1,17.97726,113
2017-10-29T23:00:00-00:00,2017-10-29,16,0,CPESCNDO_7_A1,CPESCNDO_7_A1,CPESCNDO_7_A1,DAM,LMP,LMP_PRC,CPESCNDO_7_A1,ALL,1,30.3162,113
2017-10-30T04:00:00-00:00,2017-10-29,21,0,CPESCNDO_7_A1,CPESCNDO_7_A1,CPESCNDO_7_A1,DAM,LMP,LMP_PRC,CPESCNDO_7_A1,ALL,1,45.68545,113
2017-10-30T00:00:00-00:00,2017-10-29,17,0,CPESCNDO_7_A1,CPESCNDO_7_A1,CPESCNDO_7_A1,DAM,LMP,LMP_PRC,CPESCNDO_7_A1,ALL,1,36.15351,113
2017-10-29T10:00:00-00:00,2017-10-29,3,0,CPESCNDO_7_A1,CPESCNDO_7_A1,CPESCNDO_7_A1,DAM,LMP,LMP_PRC,CPESCNDO_7_A1,ALL,1,30.74898,113
2017-10-29T20:00:00-00:00,2017-10-29,13,0,CPESCNDO_7_A1,CPESCNDO_7_A1,CPESCNDO_7_A1,DAM,LMP,LMP_PRC,CPESCNDO_7_A1,ALL,1,22.10365,113
2017-10-30T06:00:00-00:00,2017-10-29,23,0,CPESCNDO_7_A1,CPESCNDO_7_A1,CPESCNDO_7_A1,DAM,LMP,LMP_PRC,CPESCNDO_7_A1,ALL,1,35.08508,113
2017-10-30T05:00:00-00:00,2017-10-29,22,0,CPESCNDO_7_A1,CPESCNDO_7_A1,CPESCNDO_7_A1,DAM,LMP,LMP_PRC,CPESCNDO_7_A1,ALL,1,38.47869,113
2017-10-30T07:00:00-00:00,2017-10-29,24,0,CPESCNDO_7_A1,CPESCNDO_7_A1,CPESCNDO_7_A1,DAM,LMP,LMP_PRC,CPESCNDO_7_A1,ALL,1,32.16451,113
2017-10-29T09:00:00-00:00,2017-10-29,2,0,CPESCNDO_7_A1,CPESCNDO_7_A1,CPESCNDO_7_A1,DAM,LMP,LMP_PRC,CPESCNDO_7_A1,ALL,1,32.372370000000004,113
2017-10-29T14:00:00-00:00,2017-10-29,7,0,CPESCNDO_7_A1,CPESCNDO_7_A1,CPESCNDO_7_A1,DAM,LMP,LMP_PRC,CPESCNDO_7_A1,ALL,1,33.41791,113
2017-10-29T17:00:00-00:00,2017-10-29,10,0,CPESCNDO_7_A1,CPESCNDO_7_A1,CPESCNDO_7_A1,DAM,LMP,LMP_PRC,CPESCNDO_7_A1,ALL,1,25.242639999999998,113
2017-10-30T01:00:00-00:00,2017-10-29,18,0,CPESCNDO_7_A1,CPESCNDO_7_A1,CPESCNDO_7_A1,DAM,LMP,LMP_PRC,CPESCNDO_7_A1,ALL,1,49.82763,113
2017-10-30T03:00:00-00:00,2017-10-29,20,0,CPESCNDO_7_A1,CPESCNDO_7_A1,CPESCNDO_7_A1,DAM,LMP,LMP_PRC,CPESCNDO_7_A1,ALL,1,51.0924,113
2017-10-29T08:00:00-00:00,2017-10-29,1,0,CPESCNDO_7_A1,CPESCNDO_7_A1,CPESCNDO_7_A1,DAM,LMP,LMP_PRC,CPESCNDO_7_A1,ALL,1,34.29777,113
2017-10-29T12:00:00-00:00,2017-10-29,5,0,CPESCNDO_7_A1,CPESCNDO_7_A1,CPESCNDO_7_A1,DAM,LMP,LMP_PRC,CPESCNDO_7_A1,ALL,1,30.903990000000004,113
2017-10-29T13:00:00-00:00,2017-10-29,6,0,CPESCNDO_7_A1,CPESCNDO_7_A1,CPESCNDO_7_A1,DAM,LMP,LMP_PRC,CPESCNDO_7_A1,ALL,1,32.5965,113
2017-10-29T16:00:00-00:00,2017-10-29,9,0,CPESCNDO_7_A1,CPESCNDO_7_A1,CPESCNDO_7_A1,DAM,LMP,LMP_PRC,CPESCNDO_7_A1,ALL,1,27.92114,113
2017-10-29T18:00:00-00:00,2017-10-29,11,0,CPESCNDO_7_A1,CPESCNDO_7_A1,CPESCNDO_7_A1,DAM,LMP,LMP_PRC,CPESCNDO_7_A1,ALL,1,19.53204,113
2017-10-29T22:00:00-00:00,2017-10-29,15,0,CPESCNDO_7_A1,CPESCNDO_7_A1,CPESCNDO_7_A1,DAM,LMP,LMP_PRC,CPESCNDO_7_A1,ALL,1,27.71588,113
2017-10-29T11:00:00-00:00,2017-10-29,4,0,CPESCNDO_7_A1,CPESCNDO_7_A1,CPESCNDO_7_A1,DAM,LMP,LMP_PRC,CPESCNDO_7_A1,ALL,1,30.34307,113
2017-10-30T17:00:00-00:00,2017-10-30,10,0,CPESCNDO_7_A1,CPESCNDO_7_A1,CPESCNDO_7_A1,DAM,LMP,LMP_PRC,CPESCNDO_7_A1,ALL,1,31.75713,117
2017-10-31T02:00:00-00:00,2017-10-30,19,0,CPESCNDO_7_A1,CPESCNDO_7_A1,CPESCNDO_7_A1,DAM,LMP,LMP_PRC,CPESCNDO_7_A1,ALL,1,62.34336999999999,117
2017-10-31T04:00:00-00:00,2017-10-30,21,0,CPESCNDO_7_A1,CPESCNDO_7_A1,CPESCNDO_7_A1,DAM,LMP,LMP_PRC,CPESCNDO_7_A1,ALL,1,48.868190000000006,117
2017-10-30T12:00:00-00:00,2017-10-30,5,0,CPESCNDO_7_A1,CPESCNDO_7_A1,CPESCNDO_7_A1,DAM,LMP,LMP_PRC,CPESCNDO_7_A1,ALL,1,27.98531,117
2017-10-30T08:00:00-00:00,2017-10-30,1,0,CPESCNDO_7_A1,CPESCNDO_7_A1,CPESCNDO_7_A1,DAM,LMP,LMP_PRC,CPESCNDO_7_A1,ALL,1,28.20791,117
2017-10-30T10:00:00-00:00,2017-10-30,3,0,CPESCNDO_7_A1,CPESCNDO_7_A1,CPESCNDO_7_A1,DAM,LMP,LMP_PRC,CPESCNDO_7_A1,ALL,1,27.395979999999998,117
2017-10-30T13:00:00-00:00,2017-10-30,6,0,CPESCNDO_7_A1,CPESCNDO_7_A1,CPESCNDO_7_A1,DAM,LMP,LMP_PRC,CPESCNDO_7_A1,ALL,1,33.15098,117
2017-10-30T14:00:00-00:00,2017-10-30,7,0,CPESCNDO_7_A1,CPESCNDO_7_A1,CPESCNDO_7_A1,DAM,LMP,LMP_PRC,CPESCNDO_7_A1,ALL,1,41.93383,117
2017-10-30T20:00:00-00:00,2017-10-30,13,0,CPESCNDO_7_A1,CPESCNDO_7_A1,CPESCNDO_7_A1,DAM,LMP,LMP_PRC,CPESCNDO_7_A1,ALL,1,35.63455,117
2017-10-30T23:00:00-00:00,2017-10-30,16,0,CPESCNDO_7_A1,CPESCNDO_7_A1,CPESCNDO_7_A1,DAM,LMP,LMP_PRC,CPESCNDO_7_A1,ALL,1,30.69828,117
2017-10-30T18:00:00-00:00,2017-10-30,11,0,CPESCNDO_7_A1,CPESCNDO_7_A1,CPESCNDO_7_A1,DAM,LMP,LMP_PRC,CPESCNDO_7_A1,ALL,1,36.29913,117
2017-10-30T21:00:00-00:00,2017-10-30,14,0,CPESCNDO_7_A1,CPESCNDO_7_A1,CPESCNDO_7_A1,DAM,LMP,LMP_PRC,CPESCNDO_7_A1,ALL,1,31.37955,117
2017-10-30T22:00:00-00:00,2017-10-30,15,0,CPESCNDO_7_A1,CPESCNDO_7_A1,CPESCNDO_7_A1,DAM,LMP,LMP_PRC,CPESCNDO_7_A1,ALL,1,28.089890000000004,117
2017-10-31T01:00:00-00:00,2017-10-30,18,0,CPESCNDO_7_A1,CPESCNDO_7_A1,CPESCNDO_7_A1,DAM,LMP,LMP_PRC,CPESCNDO_7_A1,ALL,1,44.73283,117
2017-10-31T05:00:00-00:00,2017-10-30,22,0,CPESCNDO_7_A1,CPESCNDO_7_A1,CPESCNDO_7_A1,DAM,LMP,LMP_PRC,CPESCNDO_7_A1,ALL,1,40.001259999999995,117
2017-10-31T06:00:00-00:00,2017-10-30,23,0,CPESCNDO_7_A1,CPESCNDO_7_A1,CPESCNDO_7_A1,DAM,LMP,LMP_PRC,CPESCNDO_7_A1,ALL,1,36.96444,117
2017-10-31T07:00:00-00:00,2017-10-30,24,0,CPESCNDO_7_A1,CPESCNDO_7_A1,CPESCNDO_7_A1,DAM,LMP,LMP_PRC,CPESCNDO_7_A1,ALL,1,34.391009999999994,117
2017-10-30T15:00:00-00:00,2017-10-30,8,0,CPESCNDO_7_A1,CPESCNDO_7_A1,CPESCNDO_7_A1,DAM,LMP,LMP_PRC,CPESCNDO_7_A1,ALL,1,52.22215,117
2017-10-30T19:00:00-00:00,2017-10-30,12,0,CPESCNDO_7_A1,CPESCNDO_7_A1,CPESCNDO_7_A1,DAM,LMP,LMP_PRC,CPESCNDO_7_A1,ALL,1,36.04937,117
2017-10-31T00:00:00-00:00,2017-10-30,17,0,CPESCNDO_7_A1,CPESCNDO_7_A1,CPESCNDO_7_A1,DAM,LMP,LMP_PRC,CPESCNDO_7_A1,ALL,1,34.0836,117
2017-10-30T09:00:00-00:00,2017-10-30,2,0,CPESCNDO_7_A1,CPESCNDO_7_A1,CPESCNDO_7_A1,DAM,LMP,LMP_PRC,CPESCNDO_7_A1,ALL,1,28.02178,117
2017-10-30T11:00:00-00:00,2017-10-30,4,0,CPESCNDO_7_A1,CPESCNDO_7_A1,CPESCNDO_7_A1,DAM,LMP,LMP_PRC,CPESCNDO_7_A1,ALL,1,27.41481,117
2017-10-30T16:00:00-00:00,2017-10-30,9,0,CPESCNDO_7_A1,CPESCNDO_7_A1,CPESCNDO_7_A1,DAM,LMP,LMP_PRC,CPESCNDO_7_A1,ALL,1,34.87908,117
2017-10-31T03:00:00-00:00,2017-10-30,20,0,CPESCNDO_7_A1,CPESCNDO_7_A1,CPESCNDO_7_A1,DAM,LMP,LMP_PRC,CPESCNDO_7_A1,ALL,1,52.90667,117
2017-10-31T22:00:00-00:00,2017-10-31,15,0,CPESCNDO_7_A1,CPESCNDO_7_A1,CPESCNDO_7_A1,DAM,LMP,LMP_PRC,CPESCNDO_7_A1,ALL,1,32.35822,121
2017-10-31T14:00:00-00:00,2017-10-31,7,0,CPESCNDO_7_A1,CPESCNDO_7_A1,CPESCNDO_7_A1,DAM,LMP,LMP_PRC,CPESCNDO_7_A1,ALL,1,46.273740000000004,121
2017-10-31T08:00:00-00:00,2017-10-31,1,0,CPESCNDO_7_A1,CPESCNDO_7_A1,CPESCNDO_7_A1,DAM,LMP,LMP_PRC,CPESCNDO_7_A1,ALL,1,30.92195,121
2017-10-31T10:00:00-00:00,2017-10-31,3,0,CPESCNDO_7_A1,CPESCNDO_7_A1,CPESCNDO_7_A1,DAM,LMP,LMP_PRC,CPESCNDO_7_A1,ALL,1,27.89602,121
2017-10-31T17:00:00-00:00,2017-10-31,10,0,CPESCNDO_7_A1,CPESCNDO_7_A1,CPESCNDO_7_A1,DAM,LMP,LMP_PRC,CPESCNDO_7_A1,ALL,1,49.62468,121
2017-10-31T19:00:00-00:00,2017-10-31,12,0,CPESCNDO_7_A1,CPESCNDO_7_A1,CPESCNDO_7_A1,DAM,LMP,LMP_PRC,CPESCNDO_7_A1,ALL,1,39.59859,121
2017-11-01T00:00:00-00:00,2017-10-31,17,0,CPESCNDO_7_A1,CPESCNDO_7_A1,CPESCNDO_7_A1,DAM,LMP,LMP_PRC,CPESCNDO_7_A1,ALL,1,36.87677,121
2017-11-01T05:00:00-00:00,2017-10-31,22,0,CPESCNDO_7_A1,CPESCNDO_7_A1,CPESCNDO_7_A1,DAM,LMP,LMP_PRC,CPESCNDO_7_A1,ALL,1,47.54725,121
2017-11-01T06:00:00-00:00,2017-10-31,23,0,CPESCNDO_7_A1,CPESCNDO_7_A1,CPESCNDO_7_A1,DAM,LMP,LMP_PRC,CPESCNDO_7_A1,ALL,1,41.38633,121
2017-10-31T11:00:00-00:00,2017-10-31,4,0,CPESCNDO_7_A1,CPESCNDO_7_A1,CPESCNDO_7_A1,DAM,LMP,LMP_PRC,CPESCNDO_7_A1,ALL,1,27.88788,121
2017-10-31T15:00:00-00:00,2017-10-31,8,0,CPESCNDO_7_A1,CPESCNDO_7_A1,CPESCNDO_7_A1,DAM,LMP,LMP_PRC,CPESCNDO_7_A1,ALL,1,64.98699,121
2017-10-31T16:00:00-00:00,2017-10-31,9,0,CPESCNDO_7_A1,CPESCNDO_7_A1,CPESCNDO_7_A1,DAM,LMP,LMP_PRC,CPESCNDO_7_A1,ALL,1,50.76341,121
2017-10-31T23:00:00-00:00,2017-10-31,16,0,CPESCNDO_7_A1,CPESCNDO_7_A1,CPESCNDO_7_A1,DAM,LMP,LMP_PRC,CPESCNDO_7_A1,ALL,1,34.56856,121
2017-11-01T01:00:00-00:00,2017-10-31,18,0,CPESCNDO_7_A1,CPESCNDO_7_A1,CPESCNDO_7_A1,DAM,LMP,LMP_PRC,CPESCNDO_7_A1,ALL,1,51.54764,121
2017-11-01T02:00:00-00:00,2017-10-31,19,0,CPESCNDO_7_A1,CPESCNDO_7_A1,CPESCNDO_7_A1,DAM,LMP,LMP_PRC,CPESCNDO_7_A1,ALL,1,75.49923000000001,121
2017-10-31T20:00:00-00:00,2017-10-31,13,0,CPESCNDO_7_A1,CPESCNDO_7_A1,CPESCNDO_7_A1,DAM,LMP,LMP_PRC,CPESCNDO_7_A1,ALL,1,33.46244,121
2017-10-31T13:00:00-00:00,2017-10-31,6,0,CPESCNDO_7_A1,CPESCNDO_7_A1,CPESCNDO_7_A1,DAM,LMP,LMP_PRC,CPESCNDO_7_A1,ALL,1,34.35083,121
2017-11-01T04:00:00-00:00,2017-10-31,21,0,CPESCNDO_7_A1,CPESCNDO_7_A1,CPESCNDO_7_A1,DAM,LMP,LMP_PRC,CPESCNDO_7_A1,ALL,1,52.1761,121
2017-10-31T18:00:00-00:00,2017-10-31,11,0,CPESCNDO_7_A1,CPESCNDO_7_A1,CPESCNDO_7_A1,DAM,LMP,LMP_PRC,CPESCNDO_7_A1,ALL,1,43.5669,121
2017-10-31T21:00:00-00:00,2017-10-31,14,0,CPESCNDO_7_A1,CPESCNDO_7_A1,CPESCNDO_7_A1,DAM,LMP,LMP_PRC,CPESCNDO_7_A1,ALL,1,36.203379999999996,121
2017-11-01T03:00:00-00:00,2017-10-31,20,0,CPESCNDO_7_A1,CPESCNDO_7_A1,CPESCNDO_7_A1,DAM,LMP,LMP_PRC,CPESCNDO_7_A1,ALL,1,59.14225,121
2017-10-31T09:00:00-00:00,2017-10-31,2,0,CPESCNDO_7_A1,CPESCNDO_7_A1,CPESCNDO_7_A1,DAM,LMP,LMP_PRC,CPESCNDO_7_A1,ALL,1,28.799529999999997,121
2017-10-31T12:00:00-00:00,2017-10-31,5,0,CPESCNDO_7_A1,CPESCNDO_7_A1,CPESCNDO_7_A1,DAM,LMP,LMP_PRC,CPESCNDO_7_A1,ALL,1,29.15359,121
